,gender,SeniorCitizen,Partner,Dependents,tenure,PhoneService,MultipleLines,InternetService,OnlineSecurity,OnlineBackup,DeviceProtection,TechSupport,StreamingTV,StreamingMovies,Contract,PaperlessBilling,PaymentMethod,MonthlyCharges,TotalCharges,TenureGroup,MonthlyChargesGroup,PhoneService_binary,MultipleLines_binary,OnlineSecurity_binary,OnlineBackup_binary,DeviceProtection_binary,TechSupport_binary,StreamingTV_binary,StreamingMovies_binary,TotalServicesUsed,ActualChurn,ChurnProbability,RiskCategory
6623,Male,1,No,No,1,Yes,Yes,Fiber optic,No,No,No,No,No,No,Month-to-month,Yes,Electronic check,76.45,76.45,0-12,High,1,1,0,0,0,0,0,0,2,1,0.94317627,High Risk
2631,Male,1,Yes,No,7,Yes,Yes,Fiber optic,No,No,Yes,No,Yes,Yes,Month-to-month,Yes,Electronic check,99.25,665.45,0-12,Very High,1,1,0,0,1,0,1,1,5,1,0.93874913,High Risk
2464,Female,0,No,No,1,Yes,Yes,Fiber optic,No,No,No,No,No,No,Month-to-month,Yes,Electronic check,77.15,77.15,0-12,High,1,1,0,0,0,0,0,0,2,1,0.93457866,High Risk
6866,Male,0,No,No,1,Yes,Yes,Fiber optic,No,No,No,No,Yes,Yes,Month-to-month,Yes,Electronic check,95.45,95.45,0-12,Very High,1,1,0,0,0,0,1,1,4,1,0.9342117,High Risk
4585,Female,1,No,No,1,Yes,Yes,Fiber optic,No,No,No,No,No,Yes,Month-to-month,Yes,Electronic check,85.05,85.05,0-12,High,1,1,0,0,0,0,0,1,3,1,0.93415403,High Risk
1073,Male,0,No,No,7,Yes,Yes,Fiber optic,No,No,Yes,No,Yes,Yes,Month-to-month,Yes,Bank transfer (automatic),98.05,713.0,0-12,Very High,1,1,0,0,1,0,1,1,5,1,0.9251436,High Risk
3380,Male,1,Yes,No,1,Yes,Yes,Fiber optic,No,No,No,No,Yes,Yes,Month-to-month,Yes,Electronic check,95.1,95.1,0-12,Very High,1,1,0,0,0,0,1,1,4,1,0.9236755,High Risk
2194,Male,0,No,No,1,Yes,No,Fiber optic,No,No,No,No,Yes,No,Month-to-month,Yes,Electronic check,79.5,79.5,0-12,High,1,0,0,0,0,0,1,0,2,1,0.9158032,High Risk
1731,Female,1,No,No,1,Yes,No,Fiber optic,No,No,No,No,No,No,Month-to-month,Yes,Electronic check,69.6,69.6,0-12,High,1,0,0,0,0,0,0,0,1,1,0.9153642,High Risk
4678,Female,0,No,Yes,2,Yes,Yes,Fiber optic,No,No,No,No,Yes,Yes,Month-to-month,Yes,Bank transfer (automatic),94.2,193.8,0-12,Very High,1,1,0,0,0,0,1,1,4,1,0.90703714,High Risk
2900,Female,1,Yes,Yes,1,Yes,No,Fiber optic,No,No,No,No,No,No,Month-to-month,Yes,Electronic check,69.25,69.25,0-12,High,1,0,0,0,0,0,0,0,1,1,0.8987139,High Risk
809,Male,0,No,No,1,Yes,No,Fiber optic,No,No,No,No,No,No,Month-to-month,Yes,Electronic check,69.55,69.55,0-12,High,1,0,0,0,0,0,0,0,1,1,0.89774567,High Risk
3682,Male,0,No,No,1,Yes,No,Fiber optic,No,No,No,No,No,No,Month-to-month,Yes,Electronic check,69.1,69.1,0-12,High,1,0,0,0,0,0,0,0,1,1,0.89774567,High Risk
2517,Male,1,No,No,1,Yes,No,Fiber optic,No,No,No,No,No,No,Month-to-month,Yes,Bank transfer (automatic),69.5,69.5,0-12,High,1,0,0,0,0,0,0,0,1,1,0.8965324,High Risk
3536,Female,0,No,No,1,Yes,Yes,Fiber optic,No,Yes,No,No,No,No,Month-to-month,Yes,Mailed check,79.15,79.15,0-12,High,1,1,0,1,0,0,0,0,3,0,0.8955739,High Risk
383,Male,0,No,No,1,Yes,Yes,Fiber optic,No,Yes,No,No,No,Yes,Month-to-month,Yes,Credit card (automatic),90.85,90.85,0-12,Very High,1,1,0,1,0,0,0,1,4,1,0.89403987,High Risk
5826,Female,0,Yes,No,1,Yes,No,Fiber optic,No,No,No,No,Yes,No,Month-to-month,Yes,Bank transfer (automatic),79.35,79.35,0-12,High,1,0,0,0,0,0,1,0,2,1,0.89287347,High Risk
3727,Female,0,No,No,3,Yes,Yes,Fiber optic,No,No,No,No,Yes,Yes,Month-to-month,Yes,Electronic check,96.6,291.9,0-12,Very High,1,1,0,0,0,0,1,1,4,1,0.89244366,High Risk
2797,Male,0,No,No,3,Yes,Yes,Fiber optic,No,No,Yes,No,Yes,Yes,Month-to-month,Yes,Electronic check,100.95,329.95,0-12,Very High,1,1,0,0,1,0,1,1,5,1,0.8917291,High Risk
6365,Male,1,Yes,No,7,Yes,Yes,Fiber optic,No,No,Yes,No,Yes,Yes,Month-to-month,Yes,Electronic check,101.95,700.85,0-12,Very High,1,1,0,0,1,0,1,1,5,1,0.89055145,High Risk
2246,Female,0,Yes,Yes,1,Yes,Yes,Fiber optic,Yes,No,Yes,No,Yes,Yes,Month-to-month,Yes,Electronic check,102.45,102.45,0-12,Very High,1,1,1,0,1,0,1,1,6,1,0.8885465,High Risk
6633,Female,0,No,No,1,Yes,Yes,Fiber optic,No,No,No,No,No,No,Month-to-month,Yes,Electronic check,74.5,74.5,0-12,High,1,1,0,0,0,0,0,0,2,1,0.88585263,High Risk
5706,Female,0,No,No,1,Yes,No,Fiber optic,No,Yes,No,No,No,No,Month-to-month,Yes,Electronic check,75.7,75.7,0-12,High,1,0,0,1,0,0,0,0,2,1,0.88353527,High Risk
85,Male,0,No,No,9,Yes,Yes,Fiber optic,No,Yes,No,No,Yes,Yes,Month-to-month,Yes,Credit card (automatic),99.3,918.75,0-12,Very High,1,1,0,1,0,0,1,1,5,0,0.8799221,High Risk
5300,Female,0,Yes,Yes,1,Yes,No,Fiber optic,No,No,No,No,Yes,No,Month-to-month,Yes,Mailed check,80.05,80.05,0-12,High,1,0,0,0,0,0,1,0,2,1,0.87989736,High Risk
3906,Female,0,Yes,No,1,Yes,No,Fiber optic,No,No,No,No,Yes,No,Month-to-month,No,Electronic check,78.8,78.8,0-12,High,1,0,0,0,0,0,1,0,2,1,0.8792091,High Risk
2280,Female,1,No,No,8,Yes,Yes,Fiber optic,No,No,No,Yes,Yes,Yes,Month-to-month,Yes,Credit card (automatic),100.15,908.55,0-12,Very High,1,1,0,0,0,1,1,1,5,0,0.87770617,High Risk
6748,Female,1,No,No,1,Yes,No,Fiber optic,No,No,Yes,No,No,Yes,Month-to-month,Yes,Electronic check,85.0,85.0,0-12,High,1,0,0,0,1,0,0,1,3,1,0.87752515,High Risk
2753,Female,0,No,No,1,Yes,Yes,Fiber optic,No,No,No,No,Yes,Yes,Month-to-month,No,Mailed check,95.65,95.65,0-12,Very High,1,1,0,0,0,0,1,1,4,1,0.8713405,High Risk
1401,Female,1,No,No,4,Yes,No,Fiber optic,No,Yes,Yes,No,Yes,Yes,Month-to-month,Yes,Credit card (automatic),99.8,442.85,0-12,Very High,1,0,0,1,1,0,1,1,5,1,0.87036693,High Risk
6894,Male,1,Yes,No,3,Yes,Yes,Fiber optic,No,Yes,Yes,No,Yes,Yes,Month-to-month,Yes,Electronic check,105.9,334.65,0-12,Very High,1,1,0,1,1,0,1,1,6,1,0.8700955,High Risk
4039,Male,0,No,No,7,Yes,Yes,Fiber optic,No,No,No,No,Yes,Yes,Month-to-month,Yes,Electronic check,94.1,701.3,0-12,Very High,1,1,0,0,0,0,1,1,4,0,0.8663831,High Risk
2275,Male,0,Yes,Yes,1,Yes,Yes,Fiber optic,No,No,No,No,No,No,Month-to-month,Yes,Electronic check,74.5,74.5,0-12,High,1,1,0,0,0,0,0,0,2,1,0.8638242,High Risk
3346,Female,1,No,No,2,Yes,Yes,Fiber optic,No,No,No,No,No,Yes,Month-to-month,Yes,Electronic check,84.05,186.05,0-12,High,1,1,0,0,0,0,0,1,3,0,0.8634131,High Risk
642,Male,0,No,No,1,Yes,No,Fiber optic,No,No,No,No,Yes,Yes,Month-to-month,Yes,Electronic check,89.55,89.55,0-12,High,1,0,0,0,0,0,1,1,3,1,0.86164176,High Risk
2729,Female,0,No,No,2,Yes,Yes,Fiber optic,No,No,No,No,No,Yes,Month-to-month,Yes,Electronic check,85.7,169.8,0-12,High,1,1,0,0,0,0,0,1,3,1,0.860863,High Risk
1334,Female,1,No,No,1,No,No phone service,DSL,No,No,No,No,No,No,Month-to-month,Yes,Electronic check,25.2,25.2,0-12,Low,0,0,0,0,0,0,0,0,0,1,0.85755235,High Risk
2519,Male,0,Yes,No,2,Yes,Yes,Fiber optic,No,No,Yes,No,Yes,No,Month-to-month,Yes,Electronic check,91.45,171.45,0-12,Very High,1,1,0,0,1,0,1,0,4,0,0.8565907,High Risk
1807,Female,0,No,No,1,Yes,No,Fiber optic,No,No,Yes,No,No,No,Month-to-month,No,Electronic check,76.35,76.35,0-12,High,1,0,0,0,1,0,0,0,2,1,0.8520656,High Risk
933,Female,1,No,No,4,Yes,Yes,Fiber optic,No,No,No,No,No,Yes,Month-to-month,Yes,Electronic check,84.6,360.1,0-12,High,1,1,0,0,0,0,0,1,3,1,0.8520238,High Risk
680,Male,0,Yes,Yes,1,Yes,No,Fiber optic,No,No,No,No,No,Yes,Month-to-month,No,Electronic check,80.0,80.0,0-12,High,1,0,0,0,0,0,0,1,2,1,0.85069543,High Risk
2397,Male,0,No,No,1,Yes,No,Fiber optic,No,No,No,No,Yes,Yes,Month-to-month,Yes,Electronic check,88.35,88.35,0-12,High,1,0,0,0,0,0,1,1,3,1,0.8484717,High Risk
3043,Female,1,No,No,2,No,No phone service,DSL,No,No,Yes,No,No,No,Month-to-month,Yes,Electronic check,30.4,78.65,0-12,Medium,0,0,0,0,1,0,0,0,1,1,0.8457447,High Risk
1739,Male,0,No,No,1,Yes,No,Fiber optic,No,No,No,No,No,No,Month-to-month,Yes,Electronic check,69.9,69.9,0-12,High,1,0,0,0,0,0,0,0,1,1,0.8440985,High Risk
2927,Male,0,No,No,1,Yes,No,Fiber optic,No,No,No,No,No,No,Month-to-month,Yes,Electronic check,69.9,69.9,0-12,High,1,0,0,0,0,0,0,0,1,0,0.8440985,High Risk
260,Male,1,No,No,3,No,No phone service,DSL,No,No,Yes,No,No,Yes,Month-to-month,Yes,Electronic check,41.15,132.2,0-12,Medium,0,0,0,0,1,0,0,1,2,1,0.84394956,High Risk
6179,Female,1,No,No,11,Yes,Yes,Fiber optic,No,No,No,No,Yes,Yes,Month-to-month,Yes,Bank transfer (automatic),95.15,997.65,0-12,Very High,1,1,0,0,0,0,1,1,4,1,0.84195244,High Risk
5905,Male,0,No,No,1,Yes,No,Fiber optic,No,Yes,No,No,No,Yes,Month-to-month,Yes,Electronic check,85.0,85.0,0-12,High,1,0,0,1,0,0,0,1,3,0,0.84147906,High Risk
1696,Male,0,No,No,3,Yes,Yes,Fiber optic,No,No,No,No,No,Yes,Month-to-month,Yes,Electronic check,85.3,264.8,0-12,High,1,1,0,0,0,0,0,1,3,1,0.83848447,High Risk
5943,Male,0,No,No,1,Yes,No,Fiber optic,No,No,Yes,No,Yes,No,Month-to-month,Yes,Electronic check,84.85,84.85,0-12,High,1,0,0,0,1,0,1,0,3,1,0.83679515,High Risk
4640,Male,0,Yes,Yes,1,Yes,No,Fiber optic,No,No,No,No,No,No,Month-to-month,Yes,Electronic check,70.0,70.0,0-12,High,1,0,0,0,0,0,0,0,1,1,0.83670443,High Risk
6509,Male,1,Yes,No,1,No,No phone service,DSL,No,No,No,No,No,No,Month-to-month,No,Electronic check,25.05,25.05,0-12,Low,0,0,0,0,0,0,0,0,0,1,0.8314501,High Risk
935,Female,1,Yes,No,4,Yes,Yes,Fiber optic,No,No,No,No,Yes,No,Month-to-month,Yes,Electronic check,83.25,308.05,0-12,High,1,1,0,0,0,0,1,0,3,0,0.83118874,High Risk
2493,Female,0,Yes,No,6,Yes,Yes,Fiber optic,No,Yes,No,No,No,Yes,Month-to-month,Yes,Electronic check,90.75,512.25,0-12,Very High,1,1,0,1,0,0,0,1,4,0,0.82956713,High Risk
582,Female,1,No,No,4,Yes,Yes,Fiber optic,No,No,Yes,No,Yes,No,Month-to-month,Yes,Electronic check,89.2,346.2,0-12,High,1,1,0,0,1,0,1,0,4,1,0.82815033,High Risk
2350,Female,0,No,No,5,Yes,Yes,Fiber optic,No,No,No,No,Yes,No,Month-to-month,Yes,Electronic check,84.0,424.75,0-12,High,1,1,0,0,0,0,1,0,3,0,0.8277126,High Risk
3822,Female,0,Yes,Yes,6,Yes,Yes,Fiber optic,No,Yes,Yes,No,Yes,No,Month-to-month,Yes,Mailed check,94.05,518.75,0-12,Very High,1,1,0,1,1,0,1,0,5,0,0.82527024,High Risk
1144,Male,0,No,No,1,No,No phone service,DSL,No,No,No,No,No,Yes,Month-to-month,Yes,Electronic check,35.55,35.55,0-12,Medium,0,0,0,0,0,0,0,1,1,1,0.82448393,High Risk
5098,Male,1,No,No,3,Yes,Yes,Fiber optic,No,No,No,No,No,No,Month-to-month,Yes,Electronic check,77.0,237.75,0-12,High,1,1,0,0,0,0,0,0,2,1,0.8244674,High Risk
2510,Male,0,No,No,1,Yes,Yes,Fiber optic,No,No,No,No,No,No,Month-to-month,Yes,Mailed check,74.25,74.25,0-12,High,1,1,0,0,0,0,0,0,2,1,0.82397574,High Risk
6574,Female,1,No,No,9,Yes,Yes,Fiber optic,No,No,Yes,No,Yes,No,Month-to-month,Yes,Electronic check,90.1,816.8,0-12,Very High,1,1,0,0,1,0,1,0,4,0,0.818605,High Risk
3085,Male,0,No,No,3,Yes,Yes,Fiber optic,No,Yes,Yes,No,Yes,Yes,Month-to-month,Yes,Bank transfer (automatic),105.35,323.25,0-12,Very High,1,1,0,1,1,0,1,1,6,1,0.8175388,High Risk
3991,Female,0,No,No,4,Yes,Yes,Fiber optic,No,Yes,No,Yes,No,Yes,Month-to-month,Yes,Electronic check,93.5,362.2,0-12,Very High,1,1,0,1,0,1,0,1,5,1,0.8163141,High Risk
346,Female,0,No,No,2,Yes,No,Fiber optic,No,No,No,No,Yes,Yes,Month-to-month,Yes,Electronic check,90.4,168.2,0-12,Very High,1,0,0,0,0,0,1,1,3,1,0.8140815,High Risk
2036,Male,1,Yes,No,1,Yes,Yes,Fiber optic,No,No,No,No,No,No,Month-to-month,No,Electronic check,74.3,74.3,0-12,High,1,1,0,0,0,0,0,0,2,0,0.81343275,High Risk
2367,Female,0,No,No,1,Yes,No,Fiber optic,No,No,Yes,No,Yes,No,Month-to-month,Yes,Credit card (automatic),85.55,85.55,0-12,High,1,0,0,0,1,0,1,0,3,1,0.81286174,High Risk
3956,Female,0,Yes,No,6,Yes,Yes,Fiber optic,No,Yes,Yes,No,Yes,Yes,Month-to-month,Yes,Electronic check,105.3,545.2,0-12,Very High,1,1,0,1,1,0,1,1,6,1,0.8096809,High Risk
139,Female,1,Yes,No,1,Yes,No,Fiber optic,No,No,No,No,No,No,Month-to-month,Yes,Mailed check,70.45,70.45,0-12,High,1,0,0,0,0,0,0,0,1,1,0.80561423,High Risk
2888,Female,1,No,Yes,1,Yes,No,Fiber optic,No,No,No,No,No,No,Month-to-month,Yes,Electronic check,71.0,71.0,0-12,High,1,0,0,0,0,0,0,0,1,1,0.80530334,High Risk
4226,Female,0,Yes,No,3,Yes,Yes,Fiber optic,No,No,No,No,No,No,Month-to-month,Yes,Electronic check,75.85,256.6,0-12,High,1,1,0,0,0,0,0,0,2,1,0.8041424,High Risk
5393,Female,0,No,No,1,Yes,No,Fiber optic,No,No,No,No,No,No,Month-to-month,Yes,Electronic check,70.6,70.6,0-12,High,1,0,0,0,0,0,0,0,1,1,0.80038875,High Risk
5812,Male,0,Yes,Yes,1,Yes,No,Fiber optic,No,No,No,No,No,No,Month-to-month,Yes,Electronic check,71.0,71.0,0-12,High,1,0,0,0,0,0,0,0,1,1,0.7997615,High Risk
2798,Male,0,No,No,10,Yes,No,Fiber optic,No,No,Yes,No,Yes,Yes,Month-to-month,Yes,Electronic check,94.9,1048.85,0-12,Very High,1,0,0,0,1,0,1,1,4,1,0.79954344,High Risk
1851,Female,0,Yes,No,2,No,No phone service,DSL,No,No,No,No,No,Yes,Month-to-month,Yes,Electronic check,35.1,68.75,0-12,Medium,0,0,0,0,0,0,0,1,1,1,0.7975885,High Risk
5662,Female,0,No,No,1,Yes,No,Fiber optic,No,No,No,No,No,No,Month-to-month,Yes,Electronic check,70.25,70.25,0-12,High,1,0,0,0,0,0,0,0,1,1,0.7968646,High Risk
3087,Female,0,No,No,8,Yes,Yes,Fiber optic,No,No,No,No,Yes,No,Month-to-month,Yes,Electronic check,87.05,762.1,0-12,High,1,1,0,0,0,0,1,0,3,1,0.7928541,High Risk
2516,Female,1,No,No,16,Yes,Yes,Fiber optic,No,No,No,No,Yes,Yes,Month-to-month,Yes,Electronic check,96.4,1581.2,13-24,Very High,1,1,0,0,0,0,1,1,4,1,0.7926976,High Risk
1783,Male,0,No,Yes,1,Yes,No,Fiber optic,No,No,No,No,No,No,Month-to-month,Yes,Electronic check,71.65,71.65,0-12,High,1,0,0,0,0,0,0,0,1,1,0.7896243,High Risk
1366,Male,0,Yes,No,10,Yes,Yes,Fiber optic,No,No,No,No,Yes,No,Month-to-month,Yes,Electronic check,85.6,813.85,0-12,High,1,1,0,0,0,0,1,0,3,1,0.7889889,High Risk
4947,Male,0,No,No,26,Yes,Yes,Fiber optic,No,No,Yes,No,Yes,Yes,Month-to-month,Yes,Electronic check,98.35,2515.3,25-48,Very High,1,1,0,0,1,0,1,1,5,1,0.788542,High Risk
5250,Male,0,No,No,12,Yes,Yes,Fiber optic,No,No,No,No,Yes,Yes,Month-to-month,No,Electronic check,94.55,1173.55,0-12,Very High,1,1,0,0,0,0,1,1,4,0,0.78782403,High Risk
6190,Male,0,No,No,1,Yes,No,Fiber optic,No,No,No,No,No,Yes,Month-to-month,No,Electronic check,80.5,80.5,0-12,High,1,0,0,0,0,0,0,1,2,1,0.7792189,High Risk
3755,Male,0,No,No,4,Yes,Yes,Fiber optic,No,No,No,No,No,No,Month-to-month,Yes,Electronic check,76.05,318.9,0-12,High,1,1,0,0,0,0,0,0,2,1,0.7780033,High Risk
5019,Male,1,No,No,14,Yes,Yes,Fiber optic,No,No,No,No,Yes,Yes,Month-to-month,Yes,Electronic check,95.6,1273.3,13-24,Very High,1,1,0,0,0,0,1,1,4,0,0.77589566,High Risk
6970,Male,0,No,No,4,Yes,Yes,Fiber optic,No,No,No,No,No,No,Month-to-month,Yes,Electronic check,74.35,265.35,0-12,High,1,1,0,0,0,0,0,0,2,1,0.7731154,High Risk
3885,Female,0,No,No,3,Yes,Yes,Fiber optic,No,No,No,No,No,No,Month-to-month,Yes,Electronic check,74.95,212.4,0-12,High,1,1,0,0,0,0,0,0,2,0,0.76855206,High Risk
4638,Female,0,No,No,2,Yes,Yes,Fiber optic,No,No,No,No,No,No,Month-to-month,Yes,Electronic check,75.55,166.3,0-12,High,1,1,0,0,0,0,0,0,2,1,0.76138306,High Risk
1730,Male,0,No,No,1,Yes,Yes,DSL,No,No,No,No,Yes,No,Month-to-month,Yes,Electronic check,59.85,59.85,0-12,Medium,1,1,0,0,0,0,1,0,3,1,0.7608096,High Risk
1081,Male,1,Yes,No,46,Yes,Yes,Fiber optic,No,No,Yes,No,Yes,Yes,Month-to-month,Yes,Electronic check,98.85,4564.9,25-48,Very High,1,1,0,0,1,0,1,1,5,0,0.7602933,High Risk
5610,Female,0,No,No,3,Yes,Yes,Fiber optic,No,No,No,No,No,No,Month-to-month,Yes,Electronic check,75.5,220.6,0-12,High,1,1,0,0,0,0,0,0,2,1,0.7568605,High Risk
5039,Female,1,No,No,2,Yes,No,Fiber optic,No,No,No,No,No,Yes,Month-to-month,Yes,Electronic check,79.6,195.05,0-12,High,1,0,0,0,0,0,0,1,2,1,0.7562364,High Risk
6991,Female,0,No,No,8,Yes,Yes,Fiber optic,No,No,No,No,Yes,Yes,Month-to-month,No,Bank transfer (automatic),95.65,778.1,0-12,Very High,1,1,0,0,0,0,1,1,4,1,0.75560635,High Risk
6125,Male,0,Yes,No,13,Yes,Yes,Fiber optic,No,No,Yes,No,Yes,Yes,Month-to-month,Yes,Credit card (automatic),102.25,1359.0,13-24,Very High,1,1,0,0,1,0,1,1,5,1,0.7544006,High Risk
3185,Female,1,No,No,1,No,No phone service,DSL,No,No,No,No,No,No,Month-to-month,No,Mailed check,25.05,25.05,0-12,Low,0,0,0,0,0,0,0,0,0,1,0.7535575,High Risk
3202,Male,0,No,No,1,Yes,No,DSL,No,No,No,No,No,Yes,Month-to-month,Yes,Electronic check,55.25,55.25,0-12,Medium,1,0,0,0,0,0,0,1,2,0,0.75262237,High Risk
7008,Female,1,No,No,3,Yes,Yes,Fiber optic,No,No,No,No,No,No,Month-to-month,Yes,Credit card (automatic),75.05,256.25,0-12,High,1,1,0,0,0,0,0,0,2,1,0.7489961,High Risk
5133,Male,1,Yes,No,24,Yes,Yes,Fiber optic,No,Yes,Yes,No,Yes,Yes,Month-to-month,Yes,Electronic check,104.25,2433.9,13-24,Very High,1,1,0,1,1,0,1,1,6,1,0.74815506,High Risk
4473,Female,1,Yes,No,26,Yes,Yes,Fiber optic,No,No,Yes,No,Yes,Yes,Month-to-month,Yes,Bank transfer (automatic),98.1,2510.7,25-48,Very High,1,1,0,0,1,0,1,1,5,0,0.745148,High Risk
1421,Male,1,No,No,9,Yes,Yes,Fiber optic,No,No,No,No,No,Yes,Month-to-month,Yes,Credit card (automatic),84.4,732.5,0-12,High,1,1,0,0,0,0,0,1,3,1,0.74331194,High Risk
7041,Male,1,Yes,No,4,Yes,Yes,Fiber optic,No,No,No,No,No,No,Month-to-month,Yes,Mailed check,74.4,306.6,0-12,High,1,1,0,0,0,0,0,0,2,1,0.741974,High Risk
6088,Female,0,No,No,1,Yes,No,DSL,No,No,No,No,No,Yes,Month-to-month,Yes,Electronic check,55.4,55.4,0-12,Medium,1,0,0,0,0,0,0,1,2,1,0.74128824,High Risk
5100,Female,0,No,No,1,Yes,No,Fiber optic,No,No,Yes,No,No,No,Month-to-month,No,Electronic check,75.3,75.3,0-12,High,1,0,0,0,1,0,0,0,2,1,0.7408384,High Risk
6322,Female,0,No,No,4,Yes,No,Fiber optic,No,No,No,No,Yes,No,Month-to-month,Yes,Electronic check,79.0,303.15,0-12,High,1,0,0,0,0,0,1,0,2,1,0.73831135,High Risk
2161,Female,0,No,No,2,Yes,No,Fiber optic,No,No,Yes,No,No,No,Month-to-month,Yes,Electronic check,75.8,160.75,0-12,High,1,0,0,0,1,0,0,0,2,1,0.7366012,High Risk
64,Female,0,No,No,9,Yes,Yes,Fiber optic,No,No,No,No,Yes,Yes,Month-to-month,No,Electronic check,94.4,857.25,0-12,Very High,1,1,0,0,0,0,1,1,4,1,0.73576576,High Risk
5627,Male,1,Yes,No,7,Yes,Yes,Fiber optic,No,No,No,No,No,No,Month-to-month,Yes,Electronic check,74.85,485.25,0-12,High,1,1,0,0,0,0,0,0,2,0,0.73272055,High Risk
5547,Female,0,No,No,3,Yes,No,Fiber optic,No,No,No,No,Yes,Yes,Month-to-month,Yes,Electronic check,89.45,240.45,0-12,High,1,0,0,0,0,0,1,1,3,1,0.73129696,High Risk
6838,Male,0,No,No,13,Yes,Yes,Fiber optic,No,No,No,Yes,Yes,Yes,Month-to-month,Yes,Mailed check,99.0,1301.7,13-24,Very High,1,1,0,0,0,1,1,1,5,1,0.72757334,High Risk
6434,Male,0,No,No,1,Yes,No,DSL,No,No,Yes,No,No,No,Month-to-month,Yes,Electronic check,50.5,50.5,0-12,Medium,1,0,0,0,1,0,0,0,2,1,0.72742385,High Risk
1834,Male,1,No,No,1,Yes,No,DSL,No,No,No,No,No,No,Month-to-month,No,Electronic check,45.1,45.1,0-12,Medium,1,0,0,0,0,0,0,0,1,1,0.72638863,High Risk
2296,Male,1,No,No,1,Yes,No,DSL,No,No,No,No,No,No,Month-to-month,No,Electronic check,45.2,45.2,0-12,Medium,1,0,0,0,0,0,0,0,1,0,0.72638863,High Risk
2911,Female,0,No,No,1,Yes,No,Fiber optic,No,No,Yes,No,No,No,Month-to-month,No,Bank transfer (automatic),73.5,73.5,0-12,High,1,0,0,0,1,0,0,0,2,1,0.7248619,High Risk
3524,Female,1,No,No,11,Yes,Yes,Fiber optic,No,No,No,No,No,Yes,Month-to-month,Yes,Credit card (automatic),84.8,906.85,0-12,High,1,1,0,0,0,0,0,1,3,1,0.7248604,High Risk
4154,Male,0,No,No,6,Yes,Yes,Fiber optic,No,No,No,No,No,No,Month-to-month,Yes,Electronic check,74.9,469.8,0-12,High,1,1,0,0,0,0,0,0,2,1,0.72160715,High Risk
2448,Female,1,No,No,14,Yes,Yes,Fiber optic,No,Yes,Yes,No,Yes,Yes,Month-to-month,Yes,Electronic check,104.85,1531.4,13-24,Very High,1,1,0,1,1,0,1,1,6,1,0.7200237,High Risk
4343,Female,1,No,No,8,Yes,Yes,Fiber optic,No,No,No,No,No,No,Month-to-month,Yes,Electronic check,75.75,606.25,0-12,High,1,1,0,0,0,0,0,0,2,1,0.71742046,High Risk
6864,Female,1,No,No,3,No,No phone service,DSL,No,No,No,No,No,No,Month-to-month,No,Electronic check,25.3,77.75,0-12,Low,0,0,0,0,0,0,0,0,0,1,0.71527565,High Risk
954,Male,0,No,No,22,Yes,Yes,Fiber optic,No,No,No,No,Yes,Yes,Month-to-month,Yes,Electronic check,95.1,2162.6,13-24,Very High,1,1,0,0,0,0,1,1,4,0,0.71524477,High Risk
1083,Male,0,No,No,2,Yes,No,Fiber optic,No,No,No,No,No,Yes,Month-to-month,Yes,Electronic check,80.95,171.15,0-12,High,1,0,0,0,0,0,0,1,2,1,0.7128938,High Risk
6284,Female,0,No,No,23,Yes,Yes,Fiber optic,No,No,No,No,Yes,Yes,Month-to-month,Yes,Electronic check,93.5,2341.55,13-24,Very High,1,1,0,0,0,0,1,1,4,0,0.71123207,High Risk
3510,Female,0,No,No,8,Yes,Yes,Fiber optic,No,No,No,No,No,No,Month-to-month,Yes,Electronic check,75.25,576.7,0-12,High,1,1,0,0,0,0,0,0,2,0,0.7094618,High Risk
2294,Male,0,No,No,12,Yes,Yes,Fiber optic,No,Yes,Yes,No,Yes,Yes,Month-to-month,Yes,Electronic check,106.7,1253.9,0-12,Very High,1,1,0,1,1,0,1,1,6,1,0.70927954,High Risk
2748,Male,0,No,No,4,No,No phone service,DSL,No,No,No,No,Yes,Yes,Month-to-month,Yes,Electronic check,44.55,174.3,0-12,Medium,0,0,0,0,0,0,1,1,2,1,0.708931,High Risk
5839,Male,1,Yes,No,7,Yes,Yes,Fiber optic,No,No,No,No,No,No,Month-to-month,Yes,Electronic check,75.4,533.05,0-12,High,1,1,0,0,0,0,0,0,2,0,0.70852673,High Risk
1829,Male,0,No,No,8,Yes,Yes,Fiber optic,No,No,No,No,No,No,Month-to-month,Yes,Electronic check,74.85,572.45,0-12,High,1,1,0,0,0,0,0,0,2,0,0.70838207,High Risk
4165,Male,0,No,No,6,Yes,Yes,Fiber optic,No,No,No,Yes,No,Yes,Month-to-month,Yes,Bank transfer (automatic),87.95,522.35,0-12,High,1,1,0,0,0,1,0,1,4,0,0.7081236,High Risk
185,Female,0,Yes,No,1,No,No phone service,DSL,No,No,No,No,No,No,Month-to-month,Yes,Electronic check,24.8,24.8,0-12,Low,0,0,0,0,0,0,0,0,0,1,0.7073011,High Risk
6529,Male,1,No,No,2,Yes,Yes,Fiber optic,No,No,No,No,No,No,Month-to-month,Yes,Mailed check,74.85,156.4,0-12,High,1,1,0,0,0,0,0,0,2,1,0.70453054,High Risk
5628,Female,0,No,No,13,Yes,Yes,Fiber optic,Yes,Yes,No,No,Yes,No,Month-to-month,Yes,Electronic check,96.65,1244.5,13-24,Very High,1,1,1,1,0,0,1,0,5,1,0.7038331,High Risk
53,Female,1,Yes,No,8,Yes,Yes,Fiber optic,No,Yes,No,No,No,No,Month-to-month,Yes,Credit card (automatic),80.65,633.3,0-12,High,1,1,0,1,0,0,0,0,3,1,0.70301485,High Risk
6362,Female,0,No,No,2,Yes,Yes,Fiber optic,No,No,No,No,No,No,Month-to-month,Yes,Mailed check,74.9,136.05,0-12,High,1,1,0,0,0,0,0,0,2,0,0.7019496,High Risk
5748,Female,0,No,No,21,Yes,Yes,Fiber optic,No,Yes,No,No,Yes,Yes,Month-to-month,Yes,Credit card (automatic),99.85,1992.55,13-24,Very High,1,1,0,1,0,0,1,1,5,0,0.7014135,High Risk
6043,Male,0,No,No,3,No,No phone service,DSL,No,No,Yes,No,Yes,No,Month-to-month,Yes,Mailed check,40.15,130.75,0-12,Medium,0,0,0,0,1,0,1,0,2,1,0.6959676,High Risk
3763,Male,0,Yes,No,4,Yes,No,Fiber optic,No,No,No,No,Yes,No,Month-to-month,Yes,Electronic check,80.35,307.4,0-12,High,1,0,0,0,0,0,1,0,2,1,0.69560313,High Risk
5110,Female,0,No,No,8,Yes,Yes,Fiber optic,No,No,No,No,No,No,Month-to-month,Yes,Electronic check,73.5,632.2,0-12,High,1,1,0,0,0,0,0,0,2,0,0.6948416,High Risk
3050,Female,0,No,No,5,Yes,No,Fiber optic,No,No,No,Yes,No,Yes,Month-to-month,Yes,Credit card (automatic),85.4,425.9,0-12,High,1,0,0,0,0,1,0,1,3,1,0.69391537,High Risk
2168,Male,1,Yes,No,7,Yes,Yes,Fiber optic,No,No,No,No,No,No,Month-to-month,Yes,Mailed check,74.4,527.9,0-12,High,1,1,0,0,0,0,0,0,2,1,0.69322217,High Risk
5809,Female,0,No,No,6,Yes,No,Fiber optic,No,Yes,No,No,No,Yes,Month-to-month,Yes,Mailed check,85.95,514.6,0-12,High,1,0,0,1,0,0,0,1,3,0,0.69154185,High Risk
3306,Female,0,Yes,Yes,3,Yes,No,Fiber optic,No,Yes,No,Yes,No,No,Month-to-month,Yes,Electronic check,80.0,241.3,0-12,High,1,0,0,1,0,1,0,0,3,0,0.6908149,High Risk
6889,Male,0,No,No,3,Yes,No,Fiber optic,No,No,Yes,Yes,Yes,No,Month-to-month,Yes,Mailed check,89.85,244.45,0-12,High,1,0,0,0,1,1,1,0,4,0,0.6895105,High Risk
5177,Male,1,Yes,No,36,Yes,Yes,Fiber optic,No,No,No,No,No,Yes,Month-to-month,Yes,Electronic check,84.1,3021.6,25-48,High,1,1,0,0,0,0,0,1,3,1,0.68796116,High Risk
524,Male,0,Yes,No,34,Yes,Yes,Fiber optic,No,No,Yes,No,Yes,Yes,Month-to-month,Yes,Electronic check,100.05,3480.0,25-48,Very High,1,1,0,0,1,0,1,1,5,1,0.68747646,High Risk
51,Female,0,No,No,15,Yes,No,Fiber optic,Yes,Yes,No,No,Yes,Yes,Month-to-month,Yes,Credit card (automatic),99.1,1426.4,13-24,Very High,1,0,1,1,0,0,1,1,5,1,0.68662506,High Risk
3357,Female,0,No,Yes,1,Yes,No,DSL,No,No,Yes,No,No,Yes,Month-to-month,No,Electronic check,59.2,59.2,0-12,Medium,1,0,0,0,1,0,0,1,3,1,0.6849996,High Risk
4466,Male,0,No,No,4,Yes,No,Fiber optic,No,No,No,No,No,Yes,Month-to-month,Yes,Electronic check,79.9,324.3,0-12,High,1,0,0,0,0,0,0,1,2,1,0.6848602,High Risk
1926,Male,0,Yes,Yes,49,Yes,Yes,Fiber optic,No,No,Yes,No,Yes,Yes,Month-to-month,Yes,Electronic check,99.8,4872.45,49-72,Very High,1,1,0,0,1,0,1,1,5,1,0.68432146,High Risk
3067,Male,0,No,No,6,Yes,No,Fiber optic,No,Yes,No,No,No,Yes,Month-to-month,Yes,Electronic check,84.4,556.35,0-12,High,1,0,0,1,0,0,0,1,3,1,0.6835123,High Risk
6314,Female,0,No,No,6,Yes,Yes,Fiber optic,No,No,No,No,No,No,Month-to-month,Yes,Mailed check,73.85,401.3,0-12,High,1,1,0,0,0,0,0,0,2,0,0.68257123,High Risk
4995,Female,0,No,No,7,Yes,Yes,Fiber optic,No,No,No,No,No,No,Month-to-month,Yes,Bank transfer (automatic),75.1,552.95,0-12,High,1,1,0,0,0,0,0,0,2,1,0.6770188,High Risk
507,Male,0,Yes,No,2,Yes,No,Fiber optic,No,No,No,Yes,Yes,Yes,Month-to-month,Yes,Electronic check,94.2,167.5,0-12,Very High,1,0,0,0,0,1,1,1,4,1,0.67615765,High Risk
5057,Male,0,No,No,9,Yes,Yes,Fiber optic,No,No,No,No,No,No,Month-to-month,Yes,Electronic check,75.85,724.65,0-12,High,1,1,0,0,0,0,0,0,2,0,0.6759419,High Risk
3006,Male,1,No,No,14,Yes,Yes,Fiber optic,No,No,No,No,No,No,Month-to-month,Yes,Electronic check,74.95,1036.75,13-24,High,1,1,0,0,0,0,0,0,2,1,0.6749992,High Risk
352,Female,1,No,No,7,Yes,No,Fiber optic,No,No,No,No,Yes,Yes,Month-to-month,Yes,Electronic check,89.15,574.35,0-12,High,1,0,0,0,0,0,1,1,3,0,0.67227614,High Risk
1772,Male,0,No,No,2,Yes,No,Fiber optic,No,No,No,No,Yes,No,Month-to-month,No,Electronic check,79.0,143.65,0-12,High,1,0,0,0,0,0,1,0,2,1,0.67031205,High Risk
3145,Female,0,No,No,4,Yes,No,Fiber optic,No,Yes,No,No,No,No,Month-to-month,Yes,Bank transfer (automatic),76.65,333.6,0-12,High,1,0,0,1,0,0,0,0,2,1,0.6684316,High Risk
3978,Male,0,No,No,3,Yes,No,Fiber optic,No,No,No,No,Yes,Yes,Month-to-month,No,Mailed check,90.7,237.65,0-12,Very High,1,0,0,0,0,0,1,1,3,0,0.66682386,High Risk
5716,Male,0,No,Yes,2,Yes,No,DSL,No,No,No,No,No,Yes,Month-to-month,Yes,Electronic check,55.3,108.65,0-12,Medium,1,0,0,0,0,0,0,1,2,0,0.66414285,High Risk
6244,Male,1,Yes,No,54,Yes,Yes,Fiber optic,No,No,Yes,No,Yes,Yes,Month-to-month,Yes,Credit card (automatic),99.05,5295.7,49-72,Very High,1,1,0,0,1,0,1,1,5,0,0.66079473,High Risk
3411,Male,1,Yes,No,53,Yes,Yes,Fiber optic,No,Yes,No,No,Yes,Yes,Month-to-month,Yes,Electronic check,101.9,5549.4,49-72,Very High,1,1,0,1,0,0,1,1,5,1,0.6580678,High Risk
3845,Male,0,No,No,4,Yes,No,Fiber optic,No,No,Yes,No,No,No,Month-to-month,Yes,Electronic check,73.9,280.85,0-12,High,1,0,0,0,1,0,0,0,2,1,0.6578039,High Risk
3565,Male,0,No,No,1,Yes,No,DSL,No,Yes,No,No,No,No,Month-to-month,Yes,Electronic check,50.75,50.75,0-12,Medium,1,0,0,1,0,0,0,0,2,1,0.6520117,High Risk
3090,Male,0,No,No,1,Yes,No,DSL,No,No,No,No,Yes,No,Month-to-month,Yes,Mailed check,53.5,53.5,0-12,Medium,1,0,0,0,0,0,1,0,2,1,0.650254,High Risk
1105,Female,0,Yes,No,9,Yes,No,Fiber optic,No,No,No,No,No,Yes,Month-to-month,Yes,Electronic check,79.75,769.1,0-12,High,1,0,0,0,0,0,0,1,2,0,0.6501303,High Risk
5360,Male,0,Yes,Yes,5,Yes,Yes,Fiber optic,Yes,No,Yes,No,No,No,Month-to-month,Yes,Electronic check,84.5,453.75,0-12,High,1,1,1,0,1,0,0,0,4,1,0.64636016,High Risk
2543,Male,0,No,No,13,Yes,Yes,Fiber optic,Yes,No,No,No,Yes,Yes,Month-to-month,No,Mailed check,98.15,1230.25,13-24,Very High,1,1,1,0,0,0,1,1,5,1,0.6454635,High Risk
4455,Female,0,No,No,1,Yes,No,DSL,No,No,Yes,No,No,No,Month-to-month,Yes,Mailed check,50.45,50.45,0-12,Medium,1,0,0,0,1,0,0,0,2,1,0.64528537,High Risk
2136,Male,0,No,Yes,15,Yes,Yes,Fiber optic,No,Yes,No,No,Yes,No,Month-to-month,Yes,Electronic check,91.0,1430.05,13-24,Very High,1,1,0,1,0,0,1,0,4,0,0.6430396,High Risk
6967,Male,1,No,No,25,Yes,Yes,Fiber optic,No,Yes,No,No,Yes,No,Month-to-month,Yes,Electronic check,89.5,2196.15,25-48,High,1,1,0,1,0,0,1,0,4,1,0.6425445,High Risk
4862,Female,0,No,No,2,Yes,No,Fiber optic,No,No,No,No,No,No,Month-to-month,Yes,Electronic check,70.95,137.95,0-12,High,1,0,0,0,0,0,0,0,1,1,0.6390833,High Risk
4307,Female,1,No,No,37,Yes,Yes,Fiber optic,No,No,No,No,Yes,Yes,Month-to-month,Yes,Electronic check,96.55,3580.3,25-48,Very High,1,1,0,0,0,0,1,1,4,1,0.6379743,High Risk
267,Female,1,No,No,19,Yes,No,Fiber optic,Yes,Yes,No,Yes,Yes,Yes,Month-to-month,Yes,Mailed check,105.0,2007.25,13-24,Very High,1,0,1,1,0,1,1,1,6,0,0.6350194,High Risk
581,Female,0,No,No,1,Yes,No,Fiber optic,Yes,No,No,No,No,No,Month-to-month,No,Mailed check,75.3,75.3,0-12,High,1,0,1,0,0,0,0,0,2,1,0.63441324,High Risk
2155,Female,0,Yes,No,30,Yes,Yes,Fiber optic,No,No,No,No,No,Yes,Month-to-month,Yes,Electronic check,85.0,2624.25,25-48,High,1,1,0,0,0,0,0,1,3,1,0.6341366,High Risk
945,Female,0,No,No,3,Yes,Yes,Fiber optic,No,No,No,No,No,No,Month-to-month,No,Bank transfer (automatic),74.4,215.8,0-12,High,1,1,0,0,0,0,0,0,2,1,0.6338988,High Risk
5003,Male,0,Yes,Yes,11,Yes,Yes,Fiber optic,No,No,No,No,No,No,Month-to-month,Yes,Electronic check,74.35,834.2,0-12,High,1,1,0,0,0,0,0,0,2,1,0.6324473,High Risk
3172,Male,0,No,Yes,25,Yes,No,Fiber optic,No,Yes,No,No,Yes,Yes,Month-to-month,Yes,Electronic check,95.9,2448.75,25-48,Very High,1,0,0,1,0,0,1,1,4,1,0.6288058,High Risk
2150,Male,0,No,No,21,Yes,Yes,Fiber optic,No,No,No,No,No,Yes,Month-to-month,Yes,Electronic check,84.1,1737.45,13-24,High,1,1,0,0,0,0,0,1,3,0,0.627949,High Risk
5499,Male,1,No,No,15,Yes,No,Fiber optic,No,No,No,No,No,Yes,Month-to-month,Yes,Electronic check,79.4,1156.1,13-24,High,1,0,0,0,0,0,0,1,2,1,0.6269213,High Risk
1346,Female,0,Yes,Yes,14,Yes,Yes,Fiber optic,No,No,Yes,No,No,Yes,Month-to-month,Yes,Electronic check,87.25,1258.6,13-24,High,1,1,0,0,1,0,0,1,4,1,0.62580967,High Risk
4648,Male,0,No,No,2,Yes,No,Fiber optic,No,No,No,No,No,No,Month-to-month,Yes,Electronic check,70.3,144.0,0-12,High,1,0,0,0,0,0,0,0,1,0,0.62544924,High Risk
4448,Female,1,No,No,30,Yes,Yes,Fiber optic,No,Yes,No,No,Yes,Yes,Month-to-month,Yes,Electronic check,99.7,2967.35,25-48,Very High,1,1,0,1,0,0,1,1,5,1,0.62062293,High Risk
14,Male,0,No,No,25,Yes,No,Fiber optic,Yes,No,Yes,Yes,Yes,Yes,Month-to-month,Yes,Electronic check,105.5,2686.05,25-48,Very High,1,0,1,0,1,1,1,1,6,0,0.6189578,High Risk
6273,Female,1,No,No,2,Yes,No,Fiber optic,No,No,No,No,No,No,Month-to-month,Yes,Electronic check,70.65,142.35,0-12,High,1,0,0,0,0,0,0,0,1,1,0.617822,High Risk
3679,Male,0,No,No,1,Yes,No,No,No internet service,No internet service,No internet service,No internet service,No internet service,No internet service,Month-to-month,Yes,Mailed check,20.1,20.1,0-12,Low,1,0,0,0,0,0,0,0,1,1,0.6166849,High Risk
1045,Female,0,Yes,Yes,43,Yes,Yes,Fiber optic,No,No,Yes,No,Yes,Yes,Month-to-month,Yes,Bank transfer (automatic),99.3,4209.95,25-48,Very High,1,1,0,0,1,0,1,1,5,0,0.615947,High Risk
1206,Female,0,No,No,3,Yes,No,Fiber optic,No,No,No,No,No,No,Month-to-month,Yes,Electronic check,70.15,194.2,0-12,High,1,0,0,0,0,0,0,0,1,0,0.6157111,High Risk
5533,Female,1,No,No,21,Yes,Yes,Fiber optic,No,No,No,No,Yes,Yes,Month-to-month,Yes,Bank transfer (automatic),95.4,2025.1,13-24,Very High,1,1,0,0,0,0,1,1,4,0,0.6133427,High Risk
3792,Female,1,No,No,26,Yes,No,Fiber optic,No,No,No,No,Yes,Yes,Month-to-month,Yes,Electronic check,91.25,2351.8,25-48,Very High,1,0,0,0,0,0,1,1,3,1,0.6115891,High Risk
302,Male,0,No,No,4,Yes,No,Fiber optic,No,No,Yes,Yes,No,Yes,Month-to-month,Yes,Electronic check,90.4,356.65,0-12,Very High,1,0,0,0,1,1,0,1,4,0,0.6100828,High Risk
1549,Male,0,No,No,1,Yes,No,DSL,No,No,No,No,No,No,Month-to-month,Yes,Mailed check,45.85,45.85,0-12,Medium,1,0,0,0,0,0,0,0,1,1,0.60807806,High Risk
113,Female,1,Yes,No,37,Yes,Yes,Fiber optic,No,No,No,No,No,No,Month-to-month,Yes,Electronic check,76.5,2868.15,25-48,High,1,1,0,0,0,0,0,0,2,1,0.6071274,High Risk
3798,Male,0,No,No,42,Yes,Yes,Fiber optic,No,No,No,Yes,Yes,Yes,Month-to-month,Yes,Electronic check,100.3,4222.95,25-48,Very High,1,1,0,0,0,1,1,1,5,0,0.60498244,High Risk
3065,Male,0,No,No,1,Yes,No,DSL,No,No,No,No,No,No,Month-to-month,Yes,Mailed check,45.8,45.8,0-12,Medium,1,0,0,0,0,0,0,0,1,0,0.6049653,High Risk
4994,Female,0,No,No,18,Yes,No,Fiber optic,Yes,No,No,No,Yes,Yes,Month-to-month,Yes,Electronic check,96.05,1740.7,13-24,Very High,1,0,1,0,0,0,1,1,4,1,0.6049461,High Risk
4556,Male,0,No,No,2,Yes,No,Fiber optic,No,No,No,No,No,No,Month-to-month,Yes,Electronic check,67.75,116.65,0-12,High,1,0,0,0,0,0,0,0,1,1,0.6043264,High Risk
1568,Male,1,No,No,11,Yes,Yes,Fiber optic,No,Yes,Yes,Yes,Yes,Yes,Month-to-month,Yes,Electronic check,111.4,1183.05,0-12,Very High,1,1,0,1,1,1,1,1,7,0,0.60355943,High Risk
4478,Female,0,No,No,3,Yes,No,DSL,No,No,No,No,Yes,No,Month-to-month,Yes,Electronic check,54.2,140.4,0-12,Medium,1,0,0,0,0,0,1,0,2,0,0.60328555,High Risk
2156,Female,0,No,No,2,Yes,No,Fiber optic,No,No,No,No,No,Yes,Month-to-month,No,Electronic check,80.55,184.1,0-12,High,1,0,0,0,0,0,0,1,2,1,0.6031326,High Risk
6174,Male,0,No,No,4,No,No phone service,DSL,No,No,Yes,No,No,No,Month-to-month,Yes,Electronic check,29.65,118.5,0-12,Low,0,0,0,0,1,0,0,0,1,1,0.6024297,High Risk
5718,Male,0,No,No,6,Yes,No,Fiber optic,No,No,No,No,Yes,No,Month-to-month,Yes,Credit card (automatic),80.5,463.05,0-12,High,1,0,0,0,0,0,1,0,2,1,0.6007675,High Risk
3216,Female,0,Yes,Yes,1,Yes,No,DSL,No,No,Yes,No,No,No,Month-to-month,No,Mailed check,50.45,50.45,0-12,Medium,1,0,0,0,1,0,0,0,2,1,0.6007129,High Risk
4144,Male,0,No,No,21,Yes,Yes,Fiber optic,Yes,No,Yes,No,Yes,Yes,Month-to-month,No,Mailed check,103.85,2215.0,13-24,Very High,1,1,1,0,1,0,1,1,6,0,0.5985057,Medium Risk
4161,Male,1,No,No,2,Yes,No,DSL,No,No,Yes,No,No,No,Month-to-month,No,Mailed check,49.95,107.1,0-12,Medium,1,0,0,0,1,0,0,0,2,0,0.59590423,Medium Risk
2686,Male,1,No,No,19,Yes,Yes,Fiber optic,No,No,Yes,No,No,No,Month-to-month,Yes,Electronic check,79.85,1471.75,13-24,High,1,1,0,0,1,0,0,0,3,1,0.5952915,Medium Risk
1595,Male,1,No,No,2,Yes,No,Fiber optic,No,Yes,No,No,No,No,Month-to-month,Yes,Electronic check,74.7,165.4,0-12,High,1,0,0,1,0,0,0,0,2,1,0.59441257,Medium Risk
4393,Female,0,Yes,No,21,Yes,Yes,Fiber optic,No,No,No,No,No,Yes,Month-to-month,Yes,Electronic check,86.5,1808.7,13-24,High,1,1,0,0,0,0,0,1,3,1,0.5908463,Medium Risk
4253,Male,0,Yes,Yes,22,Yes,Yes,Fiber optic,No,No,Yes,No,Yes,No,Month-to-month,Yes,Electronic check,88.75,1885.15,13-24,High,1,1,0,0,1,0,1,0,4,0,0.59014875,Medium Risk
36,Male,0,No,No,5,Yes,No,Fiber optic,No,No,No,No,No,No,Month-to-month,Yes,Electronic check,69.7,316.9,0-12,High,1,0,0,0,0,0,0,0,1,1,0.58939314,Medium Risk
3081,Male,0,No,No,4,Yes,No,Fiber optic,No,No,No,No,Yes,No,Month-to-month,No,Electronic check,77.85,299.2,0-12,High,1,0,0,0,0,0,1,0,2,1,0.5891834,Medium Risk
4986,Female,0,No,No,12,Yes,Yes,Fiber optic,No,No,No,Yes,No,No,Month-to-month,Yes,Credit card (automatic),79.55,958.25,0-12,High,1,1,0,0,0,1,0,0,3,0,0.5890866,Medium Risk
3554,Female,0,No,Yes,7,Yes,No,Fiber optic,No,No,No,No,No,No,Month-to-month,Yes,Electronic check,71.05,472.65,0-12,High,1,0,0,0,0,0,0,0,1,0,0.58498716,Medium Risk
6356,Male,0,No,No,10,Yes,No,Fiber optic,Yes,No,Yes,No,Yes,Yes,One year,Yes,Electronic check,98.9,1064.95,0-12,Very High,1,0,1,0,1,0,1,1,5,0,0.5843127,Medium Risk
882,Female,0,No,No,6,Yes,No,Fiber optic,No,No,Yes,No,No,Yes,Month-to-month,No,Electronic check,83.9,497.55,0-12,High,1,0,0,0,1,0,0,1,3,1,0.58393395,Medium Risk
6544,Female,1,No,No,42,Yes,Yes,Fiber optic,No,Yes,Yes,No,Yes,Yes,Month-to-month,Yes,Bank transfer (automatic),104.75,4323.45,25-48,Very High,1,1,0,1,1,0,1,1,6,1,0.5837484,Medium Risk
5168,Male,0,No,No,9,Yes,No,Fiber optic,No,No,No,No,No,Yes,Month-to-month,Yes,Electronic check,80.8,713.1,0-12,High,1,0,0,0,0,0,0,1,2,1,0.58299714,Medium Risk
4810,Female,1,No,No,15,Yes,Yes,Fiber optic,No,Yes,No,No,No,Yes,Month-to-month,No,Electronic check,89.85,1424.95,13-24,High,1,1,0,1,0,0,0,1,4,1,0.58148295,Medium Risk
6761,Male,0,No,No,1,Yes,No,No,No internet service,No internet service,No internet service,No internet service,No internet service,No internet service,Month-to-month,Yes,Mailed check,19.9,19.9,0-12,Low,1,0,0,0,0,0,0,0,1,0,0.58127314,Medium Risk
650,Female,0,No,No,3,Yes,No,Fiber optic,No,No,No,No,No,No,Month-to-month,Yes,Bank transfer (automatic),69.55,222.3,0-12,High,1,0,0,0,0,0,0,0,1,1,0.5799803,Medium Risk
2880,Male,0,No,No,12,Yes,No,Fiber optic,No,No,No,No,No,Yes,Month-to-month,Yes,Bank transfer (automatic),79.95,1043.4,0-12,High,1,0,0,0,0,0,0,1,2,0,0.57909167,Medium Risk
5975,Male,0,Yes,Yes,7,Yes,No,Fiber optic,No,Yes,No,Yes,Yes,No,Month-to-month,Yes,Electronic check,89.75,608.8,0-12,High,1,0,0,1,0,1,1,0,4,1,0.5769837,Medium Risk
3516,Male,0,No,No,3,Yes,No,DSL,No,No,No,No,No,No,Month-to-month,Yes,Electronic check,43.3,123.65,0-12,Medium,1,0,0,0,0,0,0,0,1,1,0.5755655,Medium Risk
3762,Male,0,No,No,15,Yes,Yes,DSL,No,No,No,No,No,No,Month-to-month,Yes,Electronic check,49.0,749.25,13-24,Medium,1,1,0,0,0,0,0,0,2,0,0.57509893,Medium Risk
3376,Female,0,Yes,Yes,1,Yes,No,No,No internet service,No internet service,No internet service,No internet service,No internet service,No internet service,Month-to-month,Yes,Mailed check,19.4,19.4,0-12,Low,1,0,0,0,0,0,0,0,1,0,0.57480776,Medium Risk
6304,Female,0,No,No,9,Yes,No,Fiber optic,No,No,No,No,Yes,No,Month-to-month,Yes,Bank transfer (automatic),77.65,714.15,0-12,High,1,0,0,0,0,0,1,0,2,1,0.573591,Medium Risk
3007,Female,1,No,No,32,Yes,No,Fiber optic,No,Yes,No,No,No,No,Month-to-month,Yes,Electronic check,74.4,2276.95,25-48,High,1,0,0,1,0,0,0,0,2,1,0.5721426,Medium Risk
6804,Male,0,Yes,Yes,5,Yes,No,Fiber optic,Yes,No,Yes,No,No,Yes,Month-to-month,Yes,Mailed check,90.35,434.5,0-12,Very High,1,0,1,0,1,0,0,1,4,0,0.5706955,Medium Risk
3864,Female,0,No,No,30,Yes,Yes,Fiber optic,No,Yes,No,No,Yes,Yes,Month-to-month,Yes,Electronic check,100.2,2983.8,25-48,Very High,1,1,0,1,0,0,1,1,5,1,0.5706218,Medium Risk
6345,Female,1,No,No,2,Yes,Yes,DSL,No,Yes,No,No,No,No,Month-to-month,Yes,Credit card (automatic),56.55,118.25,0-12,Medium,1,1,0,1,0,0,0,0,3,0,0.5704307,Medium Risk
4139,Male,1,No,No,24,Yes,Yes,Fiber optic,No,Yes,No,No,No,No,Month-to-month,Yes,Electronic check,80.5,2088.45,13-24,High,1,1,0,1,0,0,0,0,3,0,0.5693608,Medium Risk
747,Female,1,No,No,3,Yes,No,Fiber optic,No,No,Yes,No,No,No,Month-to-month,No,Mailed check,75.05,202.9,0-12,High,1,0,0,0,1,0,0,0,2,0,0.56934035,Medium Risk
950,Male,1,No,No,2,Yes,No,DSL,No,No,No,No,No,No,Month-to-month,No,Mailed check,44.95,85.15,0-12,Medium,1,0,0,0,0,0,0,0,1,1,0.5691629,Medium Risk
922,Male,0,Yes,No,16,Yes,Yes,Fiber optic,No,No,No,No,No,No,Month-to-month,Yes,Electronic check,75.4,1189.4,13-24,High,1,1,0,0,0,0,0,0,2,0,0.56857526,Medium Risk
4264,Female,1,No,No,46,Yes,Yes,Fiber optic,No,Yes,Yes,No,Yes,Yes,Month-to-month,Yes,Electronic check,104.45,4863.85,25-48,Very High,1,1,0,1,1,0,1,1,6,0,0.5683729,Medium Risk
4664,Female,0,No,No,2,Yes,Yes,Fiber optic,No,No,No,No,No,No,Month-to-month,No,Credit card (automatic),74.9,147.15,0-12,High,1,1,0,0,0,0,0,0,2,1,0.56792825,Medium Risk
1519,Female,0,No,No,2,No,No phone service,DSL,Yes,Yes,No,No,No,Yes,Month-to-month,Yes,Electronic check,42.6,72.4,0-12,Medium,0,0,1,1,0,0,0,1,3,1,0.56772673,Medium Risk
1446,Male,0,No,Yes,1,Yes,Yes,DSL,No,No,No,No,No,No,Month-to-month,Yes,Electronic check,50.05,50.05,0-12,Medium,1,1,0,0,0,0,0,0,2,0,0.56671554,Medium Risk
1630,Male,1,Yes,No,38,Yes,Yes,Fiber optic,No,Yes,Yes,No,Yes,Yes,Month-to-month,Yes,Electronic check,102.6,4009.2,25-48,Very High,1,1,0,1,1,0,1,1,6,0,0.56360173,Medium Risk
2447,Male,0,No,No,7,Yes,No,Fiber optic,No,No,Yes,No,No,No,Month-to-month,Yes,Electronic check,74.9,490.55,0-12,High,1,0,0,0,1,0,0,0,2,0,0.5632853,Medium Risk
1439,Female,1,No,No,5,Yes,No,Fiber optic,No,No,Yes,No,No,No,Month-to-month,Yes,Credit card (automatic),75.55,349.65,0-12,High,1,0,0,0,1,0,0,0,2,1,0.5625766,Medium Risk
3044,Female,0,No,No,1,Yes,No,DSL,No,No,No,No,No,No,Month-to-month,Yes,Mailed check,45.4,45.4,0-12,Medium,1,0,0,0,0,0,0,0,1,1,0.5618514,Medium Risk
4847,Female,1,No,No,37,Yes,Yes,Fiber optic,No,No,No,No,No,No,Month-to-month,Yes,Electronic check,76.25,2841.55,25-48,High,1,1,0,0,0,0,0,0,2,1,0.560519,Medium Risk
3910,Female,0,No,No,47,Yes,Yes,Fiber optic,No,Yes,Yes,No,Yes,Yes,Month-to-month,Yes,Electronic check,106.4,5127.95,25-48,Very High,1,1,0,1,1,0,1,1,6,1,0.56036043,Medium Risk
1088,Male,1,Yes,No,17,Yes,Yes,Fiber optic,No,No,Yes,No,Yes,Yes,Month-to-month,Yes,Credit card (automatic),100.45,1622.45,13-24,Very High,1,1,0,0,1,0,1,1,5,1,0.5602411,Medium Risk
6445,Male,0,No,No,4,Yes,Yes,Fiber optic,Yes,No,No,No,Yes,No,Month-to-month,No,Electronic check,90.65,367.95,0-12,Very High,1,1,1,0,0,0,1,0,4,0,0.56009823,Medium Risk
402,Male,0,Yes,Yes,69,Yes,Yes,Fiber optic,No,No,Yes,No,Yes,Yes,Month-to-month,Yes,Credit card (automatic),99.45,7007.6,49-72,Very High,1,1,0,0,1,0,1,1,5,1,0.5595229,Medium Risk
5652,Female,0,No,No,1,Yes,No,DSL,No,Yes,No,No,No,No,Month-to-month,Yes,Electronic check,48.6,48.6,0-12,Medium,1,0,0,1,0,0,0,0,2,0,0.55619144,Medium Risk
6557,Female,0,No,No,33,Yes,Yes,Fiber optic,No,Yes,No,No,Yes,Yes,Month-to-month,Yes,Electronic check,100.0,3320.6,25-48,Very High,1,1,0,1,0,0,1,1,5,0,0.55550605,Medium Risk
5044,Male,0,Yes,No,22,Yes,No,Fiber optic,Yes,Yes,No,Yes,Yes,Yes,Month-to-month,Yes,Electronic check,104.6,2180.55,13-24,Very High,1,0,1,1,0,1,1,1,6,0,0.5554688,Medium Risk
5381,Male,0,Yes,No,32,Yes,Yes,Fiber optic,No,No,Yes,No,No,No,Month-to-month,Yes,Electronic check,78.9,2447.95,25-48,High,1,1,0,0,1,0,0,0,3,1,0.5547684,Medium Risk
783,Female,0,No,No,1,Yes,No,DSL,No,No,No,Yes,No,No,Month-to-month,Yes,Electronic check,52.2,52.2,0-12,Medium,1,0,0,0,0,1,0,0,2,1,0.5488149,Medium Risk
6133,Male,0,No,No,2,No,No phone service,DSL,No,No,No,No,No,No,Month-to-month,Yes,Credit card (automatic),24.9,49.7,0-12,Low,0,0,0,0,0,0,0,0,0,0,0.5466927,Medium Risk
3568,Female,0,No,No,21,Yes,No,Fiber optic,No,Yes,No,Yes,Yes,Yes,Month-to-month,Yes,Bank transfer (automatic),99.15,1956.4,13-24,Very High,1,0,0,1,0,1,1,1,5,0,0.5456167,Medium Risk
6718,Male,0,No,No,3,Yes,Yes,Fiber optic,No,No,No,No,No,No,Month-to-month,No,Mailed check,75.0,209.1,0-12,High,1,1,0,0,0,0,0,0,2,1,0.5453384,Medium Risk
6727,Female,1,Yes,No,13,No,No phone service,DSL,No,No,No,No,Yes,Yes,Month-to-month,No,Electronic check,45.3,528.45,13-24,Medium,0,0,0,0,0,0,1,1,2,0,0.54217714,Medium Risk
6599,Female,0,Yes,No,13,Yes,Yes,Fiber optic,No,Yes,Yes,No,Yes,No,Month-to-month,No,Electronic check,94.1,1215.6,13-24,Very High,1,1,0,1,1,0,1,0,5,1,0.5405416,Medium Risk
2319,Male,0,Yes,Yes,11,Yes,No,Fiber optic,No,No,No,No,Yes,Yes,Month-to-month,No,Electronic check,90.6,1020.2,0-12,Very High,1,0,0,0,0,0,1,1,3,0,0.5379,Medium Risk
2968,Male,0,No,No,3,Yes,No,Fiber optic,No,Yes,Yes,No,No,Yes,Month-to-month,No,Electronic check,90.4,268.45,0-12,Very High,1,0,0,1,1,0,0,1,4,0,0.53625816,Medium Risk
674,Male,1,No,No,52,No,No phone service,DSL,No,Yes,No,No,Yes,Yes,Month-to-month,Yes,Electronic check,49.15,2550.9,49-72,Medium,0,0,0,1,0,0,1,1,3,1,0.53438425,Medium Risk
195,Female,0,Yes,No,20,Yes,No,Fiber optic,Yes,Yes,No,Yes,Yes,No,Month-to-month,Yes,Electronic check,96.55,1901.65,13-24,Very High,1,0,1,1,0,1,1,0,5,0,0.5342412,Medium Risk
5728,Female,0,No,No,13,Yes,Yes,Fiber optic,No,Yes,Yes,Yes,No,No,Month-to-month,No,Electronic check,89.4,1132.35,13-24,High,1,1,0,1,1,1,0,0,5,1,0.5338874,Medium Risk
4784,Female,0,No,No,1,Yes,No,No,No internet service,No internet service,No internet service,No internet service,No internet service,No internet service,Month-to-month,Yes,Mailed check,19.55,19.55,0-12,Low,1,0,0,0,0,0,0,0,1,0,0.5330288,Medium Risk
3647,Male,1,No,No,8,Yes,No,Fiber optic,No,No,No,No,No,No,Month-to-month,Yes,Electronic check,69.7,572.85,0-12,High,1,0,0,0,0,0,0,0,1,0,0.5318233,Medium Risk
3702,Female,1,No,No,20,Yes,Yes,Fiber optic,Yes,No,No,No,No,No,Month-to-month,Yes,Electronic check,79.15,1520.9,13-24,High,1,1,1,0,0,0,0,0,3,1,0.5298884,Medium Risk
6324,Female,0,Yes,Yes,9,Yes,No,Fiber optic,No,No,No,Yes,No,No,Month-to-month,Yes,Electronic check,75.85,647.5,0-12,High,1,0,0,0,0,1,0,0,2,0,0.52836436,Medium Risk
4121,Male,1,Yes,No,27,Yes,Yes,Fiber optic,No,Yes,Yes,No,No,Yes,Month-to-month,Yes,Electronic check,95.55,2510.2,25-48,Very High,1,1,0,1,1,0,0,1,5,1,0.52740866,Medium Risk
880,Male,0,No,No,10,Yes,No,Fiber optic,Yes,Yes,Yes,Yes,Yes,Yes,Month-to-month,Yes,Electronic check,110.1,1043.3,0-12,Very High,1,0,1,1,1,1,1,1,7,1,0.5262932,Medium Risk
4223,Male,0,No,No,3,Yes,No,Fiber optic,No,No,No,No,No,No,Month-to-month,Yes,Mailed check,70.3,220.4,0-12,High,1,0,0,0,0,0,0,0,1,0,0.52625775,Medium Risk
1114,Male,0,Yes,No,32,Yes,Yes,Fiber optic,No,Yes,No,No,Yes,Yes,Month-to-month,Yes,Credit card (automatic),98.85,3145.9,25-48,Very High,1,1,0,1,0,0,1,1,5,0,0.5262176,Medium Risk
4579,Male,0,No,No,31,Yes,Yes,Fiber optic,No,Yes,No,No,No,No,Month-to-month,Yes,Electronic check,81.15,2640.55,25-48,High,1,1,0,1,0,0,0,0,3,0,0.5250366,Medium Risk
1383,Female,0,No,No,1,Yes,Yes,DSL,No,No,No,No,No,No,Month-to-month,Yes,Bank transfer (automatic),49.95,49.95,0-12,Medium,1,1,0,0,0,0,0,0,2,1,0.523396,Medium Risk
2651,Male,0,No,No,24,Yes,No,Fiber optic,No,No,No,No,Yes,Yes,Month-to-month,Yes,Electronic check,90.35,2238.5,13-24,Very High,1,0,0,0,0,0,1,1,3,1,0.5229308,Medium Risk
1774,Male,0,Yes,Yes,1,Yes,No,DSL,Yes,No,No,No,No,No,Month-to-month,Yes,Mailed check,48.75,48.75,0-12,Medium,1,0,1,0,0,0,0,0,2,0,0.5223086,Medium Risk
6726,Female,1,No,No,2,Yes,No,Fiber optic,No,No,No,No,No,No,Month-to-month,No,Electronic check,70.75,154.85,0-12,High,1,0,0,0,0,0,0,0,1,1,0.5218253,Medium Risk
4782,Male,0,No,No,5,Yes,No,Fiber optic,No,No,No,No,No,Yes,Month-to-month,No,Mailed check,78.75,426.35,0-12,High,1,0,0,0,0,0,0,1,2,0,0.5206813,Medium Risk
1412,Female,0,Yes,No,15,Yes,No,Fiber optic,No,No,Yes,No,Yes,No,Month-to-month,Yes,Electronic check,84.3,1308.4,13-24,High,1,0,0,0,1,0,1,0,3,1,0.5204939,Medium Risk
4382,Female,1,No,No,4,Yes,Yes,DSL,No,No,No,No,No,No,Month-to-month,No,Mailed check,48.75,179.85,0-12,Medium,1,1,0,0,0,0,0,0,2,0,0.51983285,Medium Risk
2902,Female,1,No,No,6,Yes,No,Fiber optic,Yes,No,No,No,No,No,Month-to-month,Yes,Electronic check,74.1,450.9,0-12,High,1,0,1,0,0,0,0,0,2,0,0.51913905,Medium Risk
3918,Male,0,Yes,Yes,20,Yes,No,Fiber optic,No,No,No,No,Yes,Yes,Month-to-month,Yes,Electronic check,90.2,1776.55,13-24,Very High,1,0,0,0,0,0,1,1,3,1,0.51907355,Medium Risk
5700,Male,1,Yes,No,29,Yes,Yes,Fiber optic,No,No,No,Yes,No,No,Month-to-month,Yes,Electronic check,79.3,2414.55,25-48,High,1,1,0,0,0,1,0,0,3,0,0.51595426,Medium Risk
6308,Female,0,No,No,2,Yes,No,Fiber optic,No,No,No,No,No,No,Month-to-month,No,Electronic check,70.35,139.25,0-12,High,1,0,0,0,0,0,0,0,1,0,0.5144438,Medium Risk
5675,Male,0,No,No,3,Yes,No,Fiber optic,No,No,No,No,No,No,Month-to-month,Yes,Mailed check,69.6,207.4,0-12,High,1,0,0,0,0,0,0,0,1,0,0.51427764,Medium Risk
3305,Male,1,No,No,38,Yes,Yes,Fiber optic,No,No,No,No,Yes,Yes,Month-to-month,No,Electronic check,94.75,3653.0,25-48,Very High,1,1,0,0,0,0,1,1,4,0,0.5142569,Medium Risk
1770,Female,1,No,No,41,Yes,Yes,Fiber optic,Yes,Yes,Yes,No,Yes,Yes,Month-to-month,Yes,Electronic check,113.2,4689.5,25-48,Very High,1,1,1,1,1,0,1,1,7,1,0.5127217,Medium Risk
5194,Male,0,No,Yes,22,Yes,No,Fiber optic,No,Yes,Yes,No,Yes,No,Month-to-month,Yes,Electronic check,89.4,2001.5,13-24,High,1,0,0,1,1,0,1,0,4,1,0.51238936,Medium Risk
2231,Male,0,No,No,10,Yes,No,Fiber optic,No,No,No,No,No,No,Month-to-month,Yes,Electronic check,70.0,740.0,0-12,High,1,0,0,0,0,0,0,0,1,1,0.51200014,Medium Risk
1245,Male,1,Yes,No,23,Yes,No,Fiber optic,No,No,No,No,Yes,Yes,Month-to-month,Yes,Electronic check,90.45,2117.25,13-24,Very High,1,0,0,0,0,0,1,1,3,0,0.5112556,Medium Risk
1070,Female,0,No,No,2,Yes,No,Fiber optic,No,No,No,No,No,No,Month-to-month,No,Bank transfer (automatic),69.75,144.55,0-12,High,1,0,0,0,0,0,0,0,1,1,0.51103806,Medium Risk
2580,Female,1,No,Yes,30,Yes,Yes,Fiber optic,No,No,No,Yes,Yes,Yes,Month-to-month,Yes,Electronic check,101.3,2974.5,25-48,Very High,1,1,0,0,0,1,1,1,5,0,0.5098762,Medium Risk
1472,Male,0,Yes,Yes,13,Yes,Yes,Fiber optic,No,No,No,No,No,No,Month-to-month,Yes,Credit card (automatic),74.4,896.75,13-24,High,1,1,0,0,0,0,0,0,2,1,0.5095928,Medium Risk
38,Male,0,No,No,34,Yes,Yes,Fiber optic,No,Yes,Yes,No,Yes,Yes,Month-to-month,Yes,Electronic check,106.35,3549.25,25-48,Very High,1,1,0,1,1,0,1,1,6,1,0.5091239,Medium Risk
5119,Female,0,No,No,5,Yes,No,Fiber optic,No,No,No,Yes,No,No,Month-to-month,Yes,Mailed check,75.65,399.45,0-12,High,1,0,0,0,0,1,0,0,2,0,0.50728875,Medium Risk
1992,Female,0,No,No,17,Yes,No,Fiber optic,No,Yes,No,No,Yes,No,Month-to-month,Yes,Electronic check,83.55,1329.15,13-24,High,1,0,0,1,0,0,1,0,3,0,0.5066622,Medium Risk
4132,Female,0,No,No,13,No,No phone service,DSL,No,No,No,No,No,No,Month-to-month,Yes,Electronic check,23.9,300.8,13-24,Low,0,0,0,0,0,0,0,0,0,1,0.5058802,Medium Risk
1867,Female,0,No,No,3,Yes,No,Fiber optic,No,Yes,No,No,Yes,No,Month-to-month,No,Electronic check,83.75,247.25,0-12,High,1,0,0,1,0,0,1,0,3,1,0.5056845,Medium Risk
1260,Male,0,No,No,2,Yes,No,DSL,No,Yes,No,No,No,No,Month-to-month,Yes,Mailed check,50.3,92.75,0-12,Medium,1,0,0,1,0,0,0,0,2,0,0.505025,Medium Risk
2521,Male,1,Yes,No,36,Yes,Yes,Fiber optic,No,No,No,No,No,Yes,Month-to-month,Yes,Credit card (automatic),85.25,3132.75,25-48,High,1,1,0,0,0,0,0,1,3,1,0.50288695,Medium Risk
126,Female,1,No,No,27,Yes,Yes,Fiber optic,No,No,Yes,No,No,No,Month-to-month,Yes,Electronic check,78.05,2135.5,25-48,High,1,1,0,0,1,0,0,0,3,1,0.5021348,Medium Risk
1861,Female,0,No,No,1,Yes,No,DSL,No,No,No,No,No,No,Month-to-month,No,Mailed check,45.95,45.95,0-12,Medium,1,0,0,0,0,0,0,0,1,1,0.5008967,Medium Risk
4594,Female,0,Yes,Yes,21,Yes,No,Fiber optic,No,Yes,Yes,Yes,Yes,Yes,Month-to-month,Yes,Electronic check,102.8,2110.15,13-24,Very High,1,0,0,1,1,1,1,1,6,1,0.4987201,Medium Risk
5444,Male,0,Yes,No,45,Yes,Yes,Fiber optic,No,Yes,Yes,No,Yes,Yes,Month-to-month,Yes,Bank transfer (automatic),107.75,4882.8,25-48,Very High,1,1,0,1,1,0,1,1,6,0,0.49699914,Medium Risk
1999,Male,0,No,No,23,Yes,Yes,Fiber optic,No,No,No,No,No,No,Month-to-month,Yes,Electronic check,74.95,1710.45,13-24,High,1,1,0,0,0,0,0,0,2,1,0.49693155,Medium Risk
492,Female,0,Yes,No,2,Yes,No,Fiber optic,Yes,No,No,No,No,No,Month-to-month,Yes,Electronic check,74.4,139.4,0-12,High,1,0,1,0,0,0,0,0,2,1,0.4957529,Medium Risk
517,Female,1,Yes,No,5,Yes,No,Fiber optic,No,No,No,No,No,No,Month-to-month,No,Electronic check,70.05,302.6,0-12,High,1,0,0,0,0,0,0,0,1,0,0.49541783,Medium Risk
3350,Male,0,No,No,1,Yes,No,DSL,No,No,No,No,No,No,Month-to-month,Yes,Mailed check,44.15,44.15,0-12,Medium,1,0,0,0,0,0,0,0,1,1,0.4943138,Medium Risk
4898,Female,0,No,No,3,No,No phone service,DSL,No,No,No,No,No,No,Month-to-month,No,Electronic check,25.25,58.9,0-12,Low,0,0,0,0,0,0,0,0,0,1,0.4942863,Medium Risk
2868,Male,0,No,No,26,Yes,No,Fiber optic,No,Yes,No,No,Yes,No,Month-to-month,Yes,Electronic check,85.75,2146.5,25-48,High,1,0,0,1,0,0,1,0,3,0,0.49421996,Medium Risk
3922,Male,1,Yes,No,67,Yes,Yes,Fiber optic,No,No,No,No,Yes,Yes,Month-to-month,Yes,Credit card (automatic),94.65,6079.0,49-72,Very High,1,1,0,0,0,0,1,1,4,0,0.49336696,Medium Risk
5631,Male,0,Yes,No,3,No,No phone service,DSL,No,No,No,No,No,No,Month-to-month,No,Mailed check,25.0,78.25,0-12,Low,0,0,0,0,0,0,0,0,0,0,0.49244562,Medium Risk
376,Male,0,No,No,1,No,No phone service,DSL,No,No,No,No,No,No,Month-to-month,No,Mailed check,25.35,25.35,0-12,Low,0,0,0,0,0,0,0,0,0,0,0.4917658,Medium Risk
4572,Female,0,Yes,No,60,Yes,Yes,Fiber optic,No,Yes,Yes,No,Yes,Yes,Month-to-month,Yes,Electronic check,106.15,6411.25,49-72,Very High,1,1,0,1,1,0,1,1,6,0,0.49127033,Medium Risk
5423,Male,0,No,No,13,Yes,No,Fiber optic,No,No,No,No,No,Yes,Month-to-month,Yes,Electronic check,80.85,1008.7,13-24,High,1,0,0,0,0,0,0,1,2,1,0.49089247,Medium Risk
6777,Male,0,Yes,No,3,No,No phone service,DSL,No,No,No,Yes,No,No,Month-to-month,Yes,Electronic check,29.9,92.25,0-12,Low,0,0,0,0,0,1,0,0,1,0,0.4898467,Medium Risk
779,Male,0,No,No,2,Yes,No,DSL,No,No,No,No,No,No,Month-to-month,No,Electronic check,45.35,89.5,0-12,Medium,1,0,0,0,0,0,0,0,1,1,0.48839545,Medium Risk
3464,Female,0,Yes,No,31,Yes,No,Fiber optic,No,Yes,No,No,No,Yes,Month-to-month,Yes,Bank transfer (automatic),83.85,2674.15,25-48,High,1,0,0,1,0,0,0,1,3,0,0.48811594,Medium Risk
701,Male,0,No,No,35,Yes,Yes,Fiber optic,No,No,No,No,Yes,No,Month-to-month,No,Electronic check,83.15,2848.45,25-48,High,1,1,0,0,0,0,1,0,3,0,0.48792785,Medium Risk
1543,Female,0,Yes,No,5,Yes,No,Fiber optic,No,No,No,No,No,No,Month-to-month,No,Electronic check,69.95,330.15,0-12,High,1,0,0,0,0,0,0,0,1,1,0.48693058,Medium Risk
2361,Female,0,No,Yes,1,Yes,No,DSL,No,No,No,No,No,No,Month-to-month,No,Mailed check,45.95,45.95,0-12,Medium,1,0,0,0,0,0,0,0,1,1,0.48564747,Medium Risk
1890,Female,0,Yes,Yes,1,Yes,No,No,No internet service,No internet service,No internet service,No internet service,No internet service,No internet service,Month-to-month,Yes,Electronic check,21.0,21.0,0-12,Low,1,0,0,0,0,0,0,0,1,1,0.4855226,Medium Risk
2860,Male,1,No,No,67,Yes,Yes,Fiber optic,No,No,Yes,No,Yes,Yes,Month-to-month,Yes,Credit card (automatic),101.4,6841.05,49-72,Very High,1,1,0,0,1,0,1,1,5,0,0.48538613,Medium Risk
1040,Male,1,No,No,14,Yes,No,Fiber optic,No,No,No,No,Yes,Yes,Month-to-month,No,Credit card (automatic),90.45,1266.1,13-24,Very High,1,0,0,0,0,0,1,1,3,1,0.48480397,Medium Risk
3975,Female,1,No,No,20,Yes,Yes,Fiber optic,No,No,No,No,No,Yes,Month-to-month,Yes,Credit card (automatic),85.8,1727.5,13-24,High,1,1,0,0,0,0,0,1,3,1,0.48479912,Medium Risk
893,Female,0,No,No,1,No,No phone service,DSL,No,No,No,No,No,No,Month-to-month,No,Electronic check,24.6,24.6,0-12,Low,0,0,0,0,0,0,0,0,0,1,0.48378524,Medium Risk
959,Female,0,Yes,Yes,32,Yes,No,Fiber optic,No,Yes,No,No,Yes,No,Month-to-month,Yes,Electronic check,86.1,2723.75,25-48,High,1,0,0,1,0,0,1,0,3,0,0.4826613,Medium Risk
2776,Male,1,Yes,No,16,Yes,No,Fiber optic,No,Yes,No,No,No,No,Month-to-month,Yes,Credit card (automatic),74.3,1178.25,13-24,High,1,0,0,1,0,0,0,0,2,1,0.48138693,Medium Risk
5013,Male,1,No,No,23,No,No phone service,DSL,No,No,No,No,No,Yes,Month-to-month,Yes,Bank transfer (automatic),34.65,768.45,13-24,Medium,0,0,0,0,0,0,0,1,1,0,0.48102176,Medium Risk
3525,Female,1,Yes,No,50,Yes,Yes,Fiber optic,No,Yes,Yes,No,Yes,No,Month-to-month,Yes,Electronic check,95.05,4888.7,49-72,Very High,1,1,0,1,1,0,1,0,5,1,0.48077068,Medium Risk
4705,Male,0,No,No,6,Yes,No,Fiber optic,Yes,Yes,No,No,No,No,Month-to-month,Yes,Electronic check,78.95,494.95,0-12,High,1,0,1,1,0,0,0,0,3,0,0.48075375,Medium Risk
290,Male,1,No,No,24,Yes,Yes,Fiber optic,No,No,No,No,No,No,Month-to-month,Yes,Electronic check,76.1,1712.7,13-24,High,1,1,0,0,0,0,0,0,2,1,0.480476,Medium Risk
6979,Male,0,No,Yes,1,No,No phone service,DSL,No,No,No,No,No,No,Month-to-month,No,Mailed check,24.2,24.2,0-12,Low,0,0,0,0,0,0,0,0,0,0,0.48024365,Medium Risk
5091,Male,0,No,No,6,No,No phone service,DSL,No,Yes,No,No,No,No,Month-to-month,Yes,Credit card (automatic),30.5,208.7,0-12,Medium,0,0,0,1,0,0,0,0,1,1,0.4780892,Medium Risk
2699,Female,1,No,No,34,Yes,Yes,Fiber optic,No,Yes,No,Yes,Yes,No,Month-to-month,Yes,Electronic check,96.35,3190.25,25-48,Very High,1,1,0,1,0,1,1,0,5,0,0.47773054,Medium Risk
4079,Female,0,Yes,No,10,Yes,Yes,Fiber optic,Yes,No,No,No,No,No,Month-to-month,Yes,Credit card (automatic),78.15,765.15,0-12,High,1,1,1,0,0,0,0,0,3,0,0.47757256,Medium Risk
6885,Male,0,No,Yes,12,Yes,Yes,Fiber optic,No,No,No,No,No,No,Month-to-month,Yes,Credit card (automatic),73.75,871.4,0-12,High,1,1,0,0,0,0,0,0,2,1,0.4770119,Medium Risk
1059,Male,0,No,No,23,Yes,Yes,Fiber optic,No,No,No,Yes,Yes,No,Month-to-month,Yes,Electronic check,90.6,1943.2,13-24,Very High,1,1,0,0,0,1,1,0,4,1,0.4759655,Medium Risk
3824,Male,0,No,No,4,Yes,No,DSL,No,No,No,No,No,Yes,Month-to-month,Yes,Mailed check,55.3,238.5,0-12,Medium,1,0,0,0,0,0,0,1,2,0,0.475672,Medium Risk
4070,Male,1,Yes,No,55,Yes,Yes,Fiber optic,No,No,No,No,No,No,Month-to-month,Yes,Electronic check,74.0,4052.4,49-72,High,1,1,0,0,0,0,0,0,2,0,0.47545567,Medium Risk
5536,Male,0,No,No,9,No,No phone service,DSL,No,No,No,No,Yes,No,Month-to-month,Yes,Credit card (automatic),34.7,296.1,0-12,Medium,0,0,0,0,0,0,1,0,1,1,0.47434902,Medium Risk
3362,Female,0,No,No,1,Yes,No,DSL,Yes,Yes,No,No,No,No,Month-to-month,Yes,Electronic check,54.9,54.9,0-12,Medium,1,0,1,1,0,0,0,0,3,1,0.47422597,Medium Risk
2290,Female,0,Yes,No,13,No,No phone service,DSL,No,No,Yes,No,Yes,Yes,Month-to-month,Yes,Bank transfer (automatic),48.75,633.4,13-24,Medium,0,0,0,0,1,0,1,1,3,1,0.4719492,Medium Risk
2118,Female,0,Yes,Yes,22,Yes,No,Fiber optic,No,No,No,No,No,Yes,Month-to-month,Yes,Electronic check,80.15,1790.65,13-24,High,1,0,0,0,0,0,0,1,2,0,0.4718128,Medium Risk
3905,Female,0,No,No,3,No,No phone service,DSL,No,No,No,No,Yes,No,Month-to-month,No,Credit card (automatic),35.2,108.95,0-12,Medium,0,0,0,0,0,0,1,0,1,1,0.47142214,Medium Risk
3960,Female,0,No,No,3,Yes,No,DSL,No,No,Yes,No,Yes,No,Month-to-month,No,Electronic check,57.55,161.45,0-12,Medium,1,0,0,0,1,0,1,0,3,0,0.47014073,Medium Risk
6015,Female,0,No,No,3,Yes,No,Fiber optic,Yes,No,No,No,No,No,Month-to-month,Yes,Electronic check,74.55,233.65,0-12,High,1,0,1,0,0,0,0,0,2,0,0.46949956,Medium Risk
1420,Female,0,Yes,No,60,Yes,Yes,Fiber optic,No,Yes,No,No,Yes,Yes,Month-to-month,Yes,Electronic check,99.8,5985.75,49-72,Very High,1,1,0,1,0,0,1,1,5,0,0.46942994,Medium Risk
6879,Female,0,Yes,No,21,Yes,No,Fiber optic,No,No,No,Yes,Yes,No,Month-to-month,Yes,Electronic check,86.05,1818.9,13-24,High,1,0,0,0,0,1,1,0,3,0,0.46875232,Medium Risk
4692,Female,0,Yes,Yes,16,Yes,No,Fiber optic,Yes,No,Yes,No,Yes,Yes,Month-to-month,No,Bank transfer (automatic),100.7,1522.7,13-24,Very High,1,0,1,0,1,0,1,1,5,0,0.46870393,Medium Risk
1381,Male,0,No,No,2,Yes,No,Fiber optic,No,No,No,No,No,No,Month-to-month,No,Mailed check,70.7,129.2,0-12,High,1,0,0,0,0,0,0,0,1,0,0.46817878,Medium Risk
5860,Female,0,No,No,2,Yes,No,Fiber optic,No,No,No,No,No,No,Month-to-month,No,Bank transfer (automatic),70.0,153.05,0-12,High,1,0,0,0,0,0,0,0,1,1,0.46812817,Medium Risk
3505,Male,0,No,No,9,No,No phone service,DSL,No,No,No,No,No,No,Month-to-month,Yes,Electronic check,24.95,190.25,0-12,Low,0,0,0,0,0,0,0,0,0,0,0.46777442,Medium Risk
4327,Female,0,No,No,7,Yes,No,Fiber optic,No,No,No,No,No,No,Month-to-month,Yes,Mailed check,69.9,497.3,0-12,High,1,0,0,0,0,0,0,0,1,0,0.46153027,Medium Risk
1389,Female,1,Yes,No,34,Yes,Yes,Fiber optic,No,Yes,Yes,No,No,Yes,Month-to-month,Yes,Electronic check,94.25,3217.55,25-48,Very High,1,1,0,1,1,0,0,1,5,1,0.4611209,Medium Risk
6107,Male,0,No,No,1,Yes,No,No,No internet service,No internet service,No internet service,No internet service,No internet service,No internet service,Month-to-month,No,Mailed check,19.95,19.95,0-12,Low,1,0,0,0,0,0,0,0,1,0,0.460254,Medium Risk
5822,Female,1,No,No,35,Yes,No,Fiber optic,No,No,No,No,No,No,Month-to-month,No,Electronic check,70.55,2419.0,25-48,High,1,0,0,0,0,0,0,0,1,0,0.4600747,Medium Risk
6230,Female,0,Yes,Yes,1,Yes,No,No,No internet service,No internet service,No internet service,No internet service,No internet service,No internet service,Month-to-month,No,Mailed check,20.05,20.05,0-12,Low,1,0,0,0,0,0,0,0,1,0,0.4584946,Medium Risk
2282,Male,1,Yes,Yes,66,Yes,Yes,Fiber optic,No,No,Yes,No,Yes,Yes,Month-to-month,Yes,Credit card (automatic),99.5,6822.15,49-72,Very High,1,1,0,0,1,0,1,1,5,1,0.4575246,Medium Risk
2043,Male,1,No,No,16,Yes,No,Fiber optic,No,No,No,No,No,No,Month-to-month,No,Electronic check,69.65,1043.3,13-24,High,1,0,0,0,0,0,0,0,1,0,0.45687017,Medium Risk
3293,Female,0,No,No,5,Yes,Yes,DSL,No,Yes,No,No,No,Yes,Month-to-month,Yes,Electronic check,64.0,370.25,0-12,High,1,1,0,1,0,0,0,1,4,0,0.4561789,Medium Risk
2684,Male,0,No,No,69,Yes,Yes,Fiber optic,No,Yes,No,Yes,Yes,Yes,One year,Yes,Bank transfer (automatic),105.2,7386.05,49-72,Very High,1,1,0,1,0,1,1,1,6,0,0.4555176,Medium Risk
1607,Male,1,Yes,No,13,Yes,No,Fiber optic,No,Yes,No,Yes,No,Yes,Month-to-month,Yes,Bank transfer (automatic),89.05,1169.35,13-24,High,1,0,0,1,0,1,0,1,4,1,0.45514628,Medium Risk
6455,Male,0,Yes,No,59,No,No phone service,DSL,No,No,No,No,Yes,Yes,Month-to-month,Yes,Electronic check,44.3,2666.75,49-72,Medium,0,0,0,0,0,0,1,1,2,0,0.45473275,Medium Risk
2990,Male,0,No,No,10,No,No phone service,DSL,No,No,No,No,No,Yes,Month-to-month,Yes,Mailed check,33.9,298.45,0-12,Medium,0,0,0,0,0,0,0,1,1,1,0.45421392,Medium Risk
3737,Female,0,No,No,5,Yes,Yes,DSL,No,No,No,No,No,No,Month-to-month,Yes,Mailed check,50.6,249.95,0-12,Medium,1,1,0,0,0,0,0,0,2,1,0.45347503,Medium Risk
6481,Female,0,Yes,Yes,5,Yes,No,Fiber optic,No,No,No,No,No,No,Month-to-month,No,Credit card (automatic),69.95,320.4,0-12,High,1,0,0,0,0,0,0,0,1,0,0.4522353,Medium Risk
203,Male,0,No,Yes,13,Yes,No,Fiber optic,No,No,No,No,Yes,No,Month-to-month,Yes,Credit card (automatic),78.3,1033.95,13-24,High,1,0,0,0,0,0,1,0,2,0,0.45203418,Medium Risk
6185,Male,0,Yes,No,50,Yes,Yes,Fiber optic,Yes,No,Yes,No,Yes,Yes,One year,Yes,Electronic check,103.95,5231.3,49-72,Very High,1,1,1,0,1,0,1,1,6,0,0.45098996,Medium Risk
4817,Female,0,No,No,1,Yes,No,No,No internet service,No internet service,No internet service,No internet service,No internet service,No internet service,Month-to-month,No,Mailed check,19.9,19.9,0-12,Low,1,0,0,0,0,0,0,0,1,0,0.44992524,Medium Risk
2219,Male,1,No,No,20,Yes,No,Fiber optic,No,No,No,No,Yes,Yes,Month-to-month,No,Electronic check,89.95,1648.45,13-24,High,1,0,0,0,0,0,1,1,3,0,0.44910887,Medium Risk
3064,Female,0,No,No,21,Yes,No,Fiber optic,No,No,No,No,No,No,Month-to-month,Yes,Electronic check,68.65,1493.2,13-24,High,1,0,0,0,0,0,0,0,1,0,0.44776276,Medium Risk
180,Female,0,No,No,1,No,No phone service,DSL,No,Yes,No,No,No,No,Month-to-month,No,Bank transfer (automatic),29.95,29.95,0-12,Low,0,0,0,1,0,0,0,0,1,1,0.44767207,Medium Risk
3154,Female,1,No,No,4,Yes,No,Fiber optic,No,Yes,No,No,No,No,Month-to-month,No,Electronic check,72.75,317.75,0-12,High,1,0,0,1,0,0,0,0,2,0,0.4473919,Medium Risk
6363,Female,0,No,No,9,Yes,No,Fiber optic,Yes,No,No,No,No,No,Month-to-month,Yes,Electronic check,74.85,708.2,0-12,High,1,0,1,0,0,0,0,0,2,0,0.44664758,Medium Risk
6181,Male,0,Yes,Yes,61,Yes,Yes,Fiber optic,No,No,Yes,No,Yes,Yes,One year,Yes,Electronic check,99.9,6241.35,49-72,Very High,1,1,0,0,1,0,1,1,5,0,0.44623578,Medium Risk
1166,Female,0,No,No,5,Yes,Yes,DSL,Yes,No,No,No,No,No,Month-to-month,Yes,Electronic check,53.8,283.95,0-12,Medium,1,1,1,0,0,0,0,0,3,0,0.44555002,Medium Risk
6628,Female,0,No,No,7,Yes,No,Fiber optic,No,Yes,No,No,Yes,Yes,One year,Yes,Mailed check,94.05,633.45,0-12,Very High,1,0,0,1,0,0,1,1,4,0,0.4434312,Medium Risk
2709,Male,1,Yes,No,41,No,No phone service,DSL,No,Yes,Yes,No,Yes,Yes,Month-to-month,Yes,Electronic check,53.95,2215.4,25-48,Medium,0,0,0,1,1,0,1,1,4,0,0.44035038,Medium Risk
685,Female,0,No,No,1,Yes,No,DSL,No,No,No,Yes,No,No,Month-to-month,Yes,Electronic check,49.9,49.9,0-12,Medium,1,0,0,0,0,1,0,0,2,0,0.43933308,Medium Risk
3928,Female,0,Yes,No,18,Yes,No,Fiber optic,No,No,Yes,No,Yes,Yes,Month-to-month,Yes,Credit card (automatic),95.95,1745.5,13-24,Very High,1,0,0,0,1,0,1,1,4,0,0.4382088,Medium Risk
1175,Female,0,No,No,13,Yes,Yes,Fiber optic,Yes,No,No,No,No,No,Month-to-month,Yes,Credit card (automatic),80.0,1029.35,13-24,High,1,1,1,0,0,0,0,0,3,0,0.43747675,Medium Risk
3579,Male,0,Yes,Yes,40,Yes,Yes,Fiber optic,No,No,Yes,No,No,No,Month-to-month,Yes,Electronic check,81.2,3292.3,25-48,High,1,1,0,0,1,0,0,0,3,0,0.43617144,Medium Risk
156,Female,0,No,No,22,Yes,Yes,Fiber optic,No,No,No,No,Yes,No,Month-to-month,Yes,Bank transfer (automatic),84.15,1821.95,13-24,High,1,1,0,0,0,0,1,0,3,0,0.43550968,Medium Risk
1838,Male,1,No,No,54,Yes,Yes,Fiber optic,No,Yes,No,No,No,Yes,Month-to-month,Yes,Electronic check,90.05,4931.8,49-72,Very High,1,1,0,1,0,0,0,1,4,0,0.4336625,Medium Risk
4151,Female,1,No,No,57,No,No phone service,DSL,No,Yes,Yes,No,Yes,Yes,Month-to-month,Yes,Electronic check,55.0,3094.05,49-72,Medium,0,0,0,1,1,0,1,1,4,0,0.43334913,Medium Risk
2702,Male,0,No,No,1,Yes,No,DSL,No,No,No,No,No,No,Month-to-month,No,Electronic check,44.0,44.0,0-12,Medium,1,0,0,0,0,0,0,0,1,0,0.4323211,Medium Risk
1631,Female,1,Yes,No,17,Yes,Yes,Fiber optic,Yes,No,Yes,No,No,No,Month-to-month,Yes,Bank transfer (automatic),85.35,1463.45,13-24,High,1,1,1,0,1,0,0,0,4,1,0.4312679,Medium Risk
1214,Male,0,No,No,19,Yes,Yes,Fiber optic,No,No,No,No,No,Yes,Month-to-month,Yes,Bank transfer (automatic),86.0,1532.45,13-24,High,1,1,0,0,0,0,0,1,3,1,0.4296835,Medium Risk
6344,Female,1,Yes,No,38,Yes,Yes,Fiber optic,No,No,No,No,No,No,Month-to-month,Yes,Bank transfer (automatic),74.95,2869.85,25-48,High,1,1,0,0,0,0,0,0,2,1,0.42938307,Medium Risk
6393,Male,0,No,No,26,Yes,Yes,Fiber optic,Yes,Yes,No,No,Yes,No,Month-to-month,Yes,Credit card (automatic),92.4,2349.8,25-48,Very High,1,1,1,1,0,0,1,0,5,0,0.42806804,Medium Risk
1001,Male,1,Yes,No,27,Yes,Yes,Fiber optic,No,No,No,No,No,No,Month-to-month,Yes,Electronic check,75.5,1893.95,25-48,High,1,1,0,0,0,0,0,0,2,1,0.4275922,Medium Risk
5736,Male,0,No,No,1,Yes,No,No,No internet service,No internet service,No internet service,No internet service,No internet service,No internet service,Month-to-month,No,Mailed check,20.05,20.05,0-12,Low,1,0,0,0,0,0,0,0,1,0,0.4251636,Medium Risk
4733,Male,0,Yes,No,12,Yes,No,Fiber optic,Yes,Yes,Yes,No,No,No,Month-to-month,Yes,Electronic check,84.6,959.9,0-12,High,1,0,1,1,1,0,0,0,4,0,0.42436758,Medium Risk
2222,Male,0,Yes,Yes,38,Yes,Yes,Fiber optic,No,No,Yes,No,Yes,Yes,Month-to-month,Yes,Credit card (automatic),101.15,3956.7,25-48,Very High,1,1,0,0,1,0,1,1,5,0,0.42350268,Medium Risk
1639,Male,1,No,No,17,Yes,No,DSL,No,No,No,No,No,No,Month-to-month,Yes,Electronic check,45.05,770.6,13-24,Medium,1,0,0,0,0,0,0,0,1,1,0.4226963,Medium Risk
4867,Male,0,Yes,No,34,Yes,Yes,Fiber optic,No,No,Yes,No,Yes,Yes,Month-to-month,No,Electronic check,100.85,3527.3,25-48,Very High,1,1,0,0,1,0,1,1,5,0,0.42205626,Medium Risk
4461,Male,0,No,No,29,Yes,No,Fiber optic,No,No,No,Yes,Yes,Yes,Month-to-month,Yes,Electronic check,94.2,2607.6,25-48,Very High,1,0,0,0,0,1,1,1,4,0,0.42139807,Medium Risk
2079,Male,0,Yes,Yes,70,Yes,Yes,Fiber optic,Yes,Yes,No,No,Yes,Yes,Month-to-month,Yes,Electronic check,106.05,7554.05,49-72,Very High,1,1,1,1,0,0,1,1,6,0,0.4209752,Medium Risk
5183,Female,1,Yes,Yes,34,Yes,Yes,Fiber optic,No,Yes,No,No,No,No,Month-to-month,Yes,Mailed check,79.6,2718.3,25-48,High,1,1,0,1,0,0,0,0,3,1,0.41900373,Medium Risk
2954,Female,0,No,No,7,Yes,Yes,Fiber optic,No,No,No,No,No,No,Month-to-month,No,Mailed check,75.45,480.75,0-12,High,1,1,0,0,0,0,0,0,2,1,0.41860837,Medium Risk
3837,Female,0,No,No,4,Yes,No,Fiber optic,No,Yes,Yes,Yes,Yes,Yes,One year,Yes,Electronic check,105.65,443.9,0-12,Very High,1,0,0,1,1,1,1,1,6,1,0.41743362,Medium Risk
1398,Female,0,No,No,24,Yes,Yes,Fiber optic,Yes,No,No,Yes,No,No,Month-to-month,Yes,Electronic check,84.35,1938.05,13-24,High,1,1,1,0,0,1,0,0,4,0,0.41422296,Medium Risk
6898,Male,0,Yes,Yes,22,Yes,No,Fiber optic,No,Yes,Yes,No,Yes,Yes,One year,Yes,Mailed check,100.05,2090.25,13-24,Very High,1,0,0,1,1,0,1,1,5,0,0.41274005,Medium Risk
7001,Male,0,No,No,3,Yes,No,DSL,No,Yes,No,No,No,No,Month-to-month,Yes,Mailed check,49.9,130.1,0-12,Medium,1,0,0,1,0,0,0,0,2,1,0.41144067,Medium Risk
1887,Female,0,No,No,16,Yes,Yes,Fiber optic,No,No,No,No,No,No,Month-to-month,No,Electronic check,72.65,1194.3,13-24,High,1,1,0,0,0,0,0,0,2,1,0.40957233,Medium Risk
453,Female,0,Yes,Yes,28,Yes,No,Fiber optic,No,No,No,No,No,Yes,Month-to-month,Yes,Electronic check,81.05,2227.1,25-48,High,1,0,0,0,0,0,0,1,2,1,0.40945107,Medium Risk
2305,Male,0,Yes,Yes,34,Yes,Yes,Fiber optic,No,Yes,No,No,Yes,Yes,Month-to-month,Yes,Bank transfer (automatic),97.7,3410.0,25-48,Very High,1,1,0,1,0,0,1,1,5,0,0.40867883,Medium Risk
768,Male,0,No,No,41,Yes,No,Fiber optic,No,No,No,Yes,No,No,Month-to-month,Yes,Electronic check,74.25,3089.1,25-48,High,1,0,0,0,0,1,0,0,2,0,0.40861684,Medium Risk
5364,Male,0,No,No,18,Yes,Yes,Fiber optic,No,No,Yes,No,No,Yes,Month-to-month,Yes,Credit card (automatic),90.7,1597.25,13-24,Very High,1,1,0,0,1,0,0,1,4,1,0.40763363,Medium Risk
626,Male,0,Yes,No,23,Yes,Yes,Fiber optic,No,Yes,Yes,No,No,No,Month-to-month,No,Electronic check,84.25,1968.1,13-24,High,1,1,0,1,1,0,0,0,4,0,0.4071068,Medium Risk
5207,Female,1,Yes,No,24,No,No phone service,DSL,No,No,Yes,No,No,Yes,Month-to-month,Yes,Credit card (automatic),40.65,933.3,13-24,Medium,0,0,0,0,1,0,0,1,2,1,0.4059158,Medium Risk
985,Female,1,Yes,No,33,Yes,Yes,Fiber optic,No,Yes,No,No,No,No,Month-to-month,Yes,Bank transfer (automatic),80.6,2656.5,25-48,High,1,1,0,1,0,0,0,0,3,1,0.404354,Medium Risk
3869,Male,0,Yes,No,50,Yes,Yes,Fiber optic,No,Yes,No,No,Yes,Yes,One year,Yes,Electronic check,98.25,4858.7,49-72,Very High,1,1,0,1,0,0,1,1,5,0,0.40402132,Medium Risk
6,Male,0,No,Yes,22,Yes,Yes,Fiber optic,No,Yes,No,No,Yes,No,Month-to-month,Yes,Credit card (automatic),89.1,1949.4,13-24,High,1,1,0,1,0,0,1,0,4,0,0.40398434,Medium Risk
3726,Male,0,No,No,16,Yes,Yes,Fiber optic,No,No,No,Yes,No,Yes,Month-to-month,Yes,Credit card (automatic),89.05,1448.6,13-24,High,1,1,0,0,0,1,0,1,4,1,0.4035253,Medium Risk
1184,Male,0,Yes,Yes,18,Yes,No,Fiber optic,Yes,No,Yes,No,Yes,No,Month-to-month,Yes,Mailed check,87.9,1500.5,13-24,High,1,0,1,0,1,0,1,0,4,0,0.4032837,Medium Risk
895,Male,0,No,No,30,Yes,Yes,Fiber optic,Yes,Yes,No,No,No,Yes,Month-to-month,Yes,Credit card (automatic),94.3,2679.7,25-48,Very High,1,1,1,1,0,0,0,1,5,0,0.40126652,Medium Risk
2086,Male,0,Yes,Yes,17,Yes,No,Fiber optic,No,No,No,No,Yes,No,Month-to-month,No,Electronic check,80.85,1400.85,13-24,High,1,0,0,0,0,0,1,0,2,1,0.4007644,Medium Risk
2877,Female,0,Yes,Yes,61,Yes,Yes,Fiber optic,No,Yes,No,No,Yes,Yes,Month-to-month,Yes,Electronic check,99.15,6010.05,49-72,Very High,1,1,0,1,0,0,1,1,5,1,0.40071654,Medium Risk
1037,Female,0,No,No,13,No,No phone service,DSL,No,No,Yes,No,Yes,Yes,Month-to-month,No,Electronic check,49.15,649.4,13-24,Medium,0,0,0,0,1,0,1,1,3,0,0.40020433,Medium Risk
4912,Male,1,No,No,36,Yes,Yes,Fiber optic,Yes,No,No,No,Yes,No,Month-to-month,Yes,Electronic check,90.85,3186.7,25-48,Very High,1,1,1,0,0,0,1,0,4,1,0.39921215,Medium Risk
4355,Female,0,Yes,No,6,Yes,Yes,DSL,No,No,No,No,No,No,Month-to-month,No,Electronic check,50.35,314.55,0-12,Medium,1,1,0,0,0,0,0,0,2,0,0.39706177,Medium Risk
4537,Male,0,Yes,No,17,No,No phone service,DSL,No,Yes,No,No,Yes,Yes,Month-to-month,Yes,Mailed check,49.8,836.35,13-24,Medium,0,0,0,1,0,0,1,1,3,0,0.39410886,Medium Risk
2012,Female,0,Yes,No,47,Yes,Yes,Fiber optic,Yes,Yes,Yes,No,Yes,No,Month-to-month,Yes,Electronic check,98.75,4533.7,25-48,Very High,1,1,1,1,1,0,1,0,6,1,0.3914397,Medium Risk
3623,Male,1,Yes,No,37,Yes,No,Fiber optic,No,No,No,No,No,No,Month-to-month,Yes,Bank transfer (automatic),72.25,2575.45,25-48,High,1,0,0,0,0,0,0,0,1,0,0.39127395,Medium Risk
1179,Male,1,Yes,No,43,Yes,Yes,Fiber optic,No,Yes,No,Yes,Yes,No,Month-to-month,Yes,Electronic check,94.3,3953.15,25-48,Very High,1,1,0,1,0,1,1,0,5,0,0.39063656,Medium Risk
5049,Female,0,No,No,1,Yes,No,No,No internet service,No internet service,No internet service,No internet service,No internet service,No internet service,Month-to-month,Yes,Bank transfer (automatic),20.2,20.2,0-12,Low,1,0,0,0,0,0,0,0,1,1,0.38947913,Medium Risk
717,Male,0,No,No,32,Yes,Yes,Fiber optic,No,No,No,No,No,Yes,Month-to-month,Yes,Bank transfer (automatic),85.65,2664.3,25-48,High,1,1,0,0,0,0,0,1,3,0,0.38913268,Medium Risk
6346,Male,1,Yes,Yes,1,Yes,No,DSL,No,No,No,Yes,No,No,Month-to-month,Yes,Credit card (automatic),49.25,49.25,0-12,Medium,1,0,0,0,0,1,0,0,2,1,0.38831022,Medium Risk
4443,Female,0,No,No,1,Yes,No,DSL,No,No,No,No,No,No,Month-to-month,No,Mailed check,44.75,44.75,0-12,Medium,1,0,0,0,0,0,0,0,1,0,0.3876827,Medium Risk
5173,Male,0,Yes,Yes,4,Yes,No,DSL,No,No,No,No,No,No,Month-to-month,No,Electronic check,44.8,169.65,0-12,Medium,1,0,0,0,0,0,0,0,1,0,0.38741004,Medium Risk
4740,Male,1,Yes,No,24,No,No phone service,DSL,Yes,No,No,No,No,Yes,Month-to-month,No,Bank transfer (automatic),39.1,971.3,13-24,Medium,0,0,1,0,0,0,0,1,2,1,0.3873437,Medium Risk
1509,Male,0,No,No,17,Yes,No,Fiber optic,No,No,Yes,No,No,No,Month-to-month,Yes,Electronic check,76.65,1313.55,13-24,High,1,0,0,0,1,0,0,0,2,1,0.38669246,Medium Risk
1517,Male,0,Yes,No,56,Yes,Yes,Fiber optic,Yes,No,No,No,Yes,Yes,One year,Yes,Electronic check,100.55,5514.95,49-72,Very High,1,1,1,0,0,0,1,1,5,0,0.38654158,Medium Risk
3550,Male,0,No,No,32,Yes,No,Fiber optic,No,No,No,Yes,Yes,Yes,Month-to-month,Yes,Electronic check,96.2,3183.4,25-48,Very High,1,0,0,0,0,1,1,1,4,1,0.38469785,Medium Risk
2789,Female,0,No,No,24,Yes,Yes,Fiber optic,No,No,Yes,No,Yes,No,Month-to-month,Yes,Credit card (automatic),88.95,2072.75,13-24,High,1,1,0,0,1,0,1,0,4,0,0.38312745,Medium Risk
1583,Female,0,Yes,Yes,6,Yes,Yes,DSL,No,No,No,No,No,No,Month-to-month,Yes,Credit card (automatic),48.95,273.25,0-12,Medium,1,1,0,0,0,0,0,0,2,0,0.37780878,Medium Risk
177,Female,1,No,No,7,Yes,No,Fiber optic,Yes,No,No,No,No,No,Month-to-month,No,Bank transfer (automatic),76.45,503.6,0-12,High,1,0,1,0,0,0,0,0,2,1,0.3776719,Medium Risk
3955,Male,0,Yes,No,29,No,No phone service,DSL,No,No,No,No,Yes,Yes,Month-to-month,Yes,Electronic check,45.9,1332.4,25-48,Medium,0,0,0,0,0,0,1,1,2,0,0.37726662,Medium Risk
761,Female,0,No,No,22,Yes,No,Fiber optic,No,No,No,No,Yes,Yes,Month-to-month,No,Electronic check,89.25,1907.85,13-24,High,1,0,0,0,0,0,1,1,3,1,0.37595692,Medium Risk
2255,Female,0,No,Yes,1,Yes,No,DSL,Yes,No,No,No,No,No,Month-to-month,No,Mailed check,51.2,51.2,0-12,Medium,1,0,1,0,0,0,0,0,2,0,0.37182796,Medium Risk
1987,Female,0,Yes,Yes,25,Yes,No,Fiber optic,No,Yes,Yes,No,Yes,No,Month-to-month,Yes,Bank transfer (automatic),89.15,2257.75,25-48,High,1,0,0,1,1,0,1,0,4,1,0.371678,Medium Risk
610,Male,0,Yes,Yes,9,No,No phone service,DSL,No,Yes,No,No,No,No,Month-to-month,Yes,Electronic check,29.95,248.95,0-12,Low,0,0,0,1,0,0,0,0,1,1,0.37104246,Medium Risk
101,Female,0,Yes,Yes,1,Yes,No,No,No internet service,No internet service,No internet service,No internet service,No internet service,No internet service,Month-to-month,No,Electronic check,19.45,19.45,0-12,Low,1,0,0,0,0,0,0,0,1,0,0.37064126,Medium Risk
3472,Female,1,No,No,56,Yes,Yes,Fiber optic,No,Yes,Yes,No,Yes,Yes,Month-to-month,No,Electronic check,104.75,5841.35,49-72,Very High,1,1,0,1,1,0,1,1,6,0,0.3704196,Medium Risk
1664,Female,0,No,No,46,Yes,Yes,Fiber optic,No,No,No,No,Yes,Yes,Month-to-month,No,Bank transfer (automatic),96.05,4399.5,25-48,Very High,1,1,0,0,0,0,1,1,4,1,0.36571357,Medium Risk
560,Male,0,Yes,No,56,Yes,Yes,Fiber optic,No,Yes,No,Yes,Yes,Yes,One year,Yes,Electronic check,107.25,6033.3,49-72,Very High,1,1,0,1,0,1,1,1,6,0,0.36553386,Medium Risk
1775,Male,1,No,No,65,Yes,Yes,Fiber optic,Yes,No,Yes,Yes,Yes,Yes,Two year,Yes,Electronic check,109.05,7108.2,49-72,Very High,1,1,1,0,1,1,1,1,7,0,0.3654123,Medium Risk
6399,Female,0,No,No,55,Yes,Yes,Fiber optic,No,No,No,No,No,No,Month-to-month,Yes,Electronic check,73.1,4144.9,49-72,High,1,1,0,0,0,0,0,0,2,0,0.36527228,Medium Risk
2650,Female,0,No,No,15,Yes,Yes,Fiber optic,Yes,No,Yes,No,No,No,Month-to-month,Yes,Credit card (automatic),84.35,1302.65,13-24,High,1,1,1,0,1,0,0,0,4,0,0.36409217,Medium Risk
4856,Female,0,Yes,Yes,31,Yes,Yes,Fiber optic,No,Yes,No,No,No,Yes,Month-to-month,Yes,Electronic check,91.15,2995.45,25-48,Very High,1,1,0,1,0,0,0,1,4,1,0.36153412,Medium Risk
5400,Female,0,No,No,33,Yes,No,Fiber optic,No,No,No,No,No,No,Month-to-month,Yes,Bank transfer (automatic),70.4,2406.1,25-48,High,1,0,0,0,0,0,0,0,1,0,0.36136192,Medium Risk
7033,Male,0,No,No,38,Yes,No,Fiber optic,No,No,No,No,No,No,Month-to-month,Yes,Credit card (automatic),69.5,2625.25,25-48,High,1,0,0,0,0,0,0,0,1,0,0.35837597,Medium Risk
4725,Male,0,No,No,1,Yes,Yes,DSL,No,No,Yes,Yes,No,No,Month-to-month,No,Mailed check,62.05,62.05,0-12,High,1,1,0,0,1,1,0,0,4,1,0.35809362,Medium Risk
284,Male,0,Yes,Yes,18,Yes,No,Fiber optic,No,No,Yes,No,Yes,Yes,Month-to-month,No,Mailed check,95.15,1779.95,13-24,Very High,1,0,0,0,1,0,1,1,4,1,0.35719642,Medium Risk
2278,Female,1,No,No,7,Yes,No,DSL,Yes,No,No,No,No,No,Month-to-month,Yes,Electronic check,48.2,340.35,0-12,Medium,1,0,1,0,0,0,0,0,2,0,0.35655066,Medium Risk
1703,Male,0,No,No,11,No,No phone service,DSL,No,Yes,No,Yes,No,No,Month-to-month,Yes,Electronic check,35.65,425.1,0-12,Medium,0,0,0,1,0,1,0,0,2,0,0.35582393,Medium Risk
4933,Female,0,No,Yes,4,No,No phone service,DSL,Yes,Yes,Yes,No,Yes,Yes,Month-to-month,Yes,Mailed check,57.2,223.75,0-12,Medium,0,0,1,1,1,0,1,1,5,0,0.3552186,Medium Risk
2931,Female,1,No,Yes,33,Yes,Yes,Fiber optic,No,Yes,Yes,No,Yes,Yes,Month-to-month,Yes,Bank transfer (automatic),105.35,3465.05,25-48,Very High,1,1,0,1,1,0,1,1,6,0,0.35508156,Medium Risk
683,Female,1,No,No,40,Yes,Yes,Fiber optic,No,No,Yes,Yes,Yes,Yes,One year,Yes,Credit card (automatic),103.75,4188.4,25-48,Very High,1,1,0,0,1,1,1,1,6,0,0.35420135,Medium Risk
110,Male,0,Yes,No,55,Yes,Yes,Fiber optic,Yes,Yes,No,No,Yes,No,Month-to-month,Yes,Electronic check,96.75,5238.9,49-72,Very High,1,1,1,1,0,0,1,0,5,1,0.3537538,Medium Risk
6740,Female,1,No,No,40,Yes,No,Fiber optic,Yes,Yes,No,No,No,No,Month-to-month,Yes,Credit card (automatic),79.2,3233.85,25-48,High,1,0,1,1,0,0,0,0,3,1,0.35335082,Medium Risk
3742,Female,0,No,No,41,Yes,Yes,Fiber optic,Yes,Yes,Yes,Yes,Yes,No,Month-to-month,Yes,Electronic check,106.5,4282.4,25-48,Very High,1,1,1,1,1,1,1,0,7,0,0.35246122,Medium Risk
5430,Male,0,No,No,10,Yes,Yes,DSL,No,No,No,No,Yes,Yes,Month-to-month,Yes,Credit card (automatic),72.15,794.25,0-12,High,1,1,0,0,0,0,1,1,4,1,0.35219768,Medium Risk
558,Male,0,No,No,11,Yes,No,Fiber optic,No,No,No,No,No,No,Month-to-month,No,Electronic check,70.2,760.05,0-12,High,1,0,0,0,0,0,0,0,1,0,0.35205707,Medium Risk
2139,Female,0,No,No,7,Yes,No,DSL,No,No,No,No,Yes,Yes,Month-to-month,Yes,Electronic check,66.85,458.1,0-12,High,1,0,0,0,0,0,1,1,3,0,0.35075003,Medium Risk
6377,Male,0,No,No,1,No,No phone service,DSL,No,Yes,No,Yes,No,Yes,Month-to-month,Yes,Mailed check,44.65,44.65,0-12,Medium,0,0,0,1,0,1,0,1,3,1,0.34976095,Medium Risk
3236,Male,0,No,No,16,Yes,Yes,DSL,No,Yes,No,No,No,No,Month-to-month,No,Electronic check,55.3,875.35,13-24,Medium,1,1,0,1,0,0,0,0,3,0,0.34926105,Medium Risk
3287,Male,0,Yes,Yes,19,Yes,Yes,Fiber optic,No,No,No,Yes,Yes,Yes,One year,Yes,Electronic check,100.95,1875.55,13-24,Very High,1,1,0,0,0,1,1,1,5,1,0.34862345,Medium Risk
3142,Male,0,No,No,1,Yes,No,No,No internet service,No internet service,No internet service,No internet service,No internet service,No internet service,Month-to-month,No,Mailed check,19.8,19.8,0-12,Low,1,0,0,0,0,0,0,0,1,1,0.34808767,Medium Risk
7016,Female,0,No,No,1,Yes,No,DSL,No,Yes,No,No,No,No,Month-to-month,No,Electronic check,49.95,49.95,0-12,Medium,1,0,0,1,0,0,0,0,2,0,0.347604,Medium Risk
554,Male,0,No,No,32,Yes,Yes,Fiber optic,No,Yes,No,No,No,No,Month-to-month,Yes,Bank transfer (automatic),80.35,2596.15,25-48,High,1,1,0,1,0,0,0,0,3,1,0.34623855,Medium Risk
4554,Male,0,No,No,20,Yes,No,Fiber optic,Yes,Yes,Yes,Yes,Yes,Yes,Month-to-month,Yes,Bank transfer (automatic),108.2,2203.7,13-24,Very High,1,0,1,1,1,1,1,1,7,0,0.3459898,Medium Risk
3047,Female,0,Yes,No,32,Yes,No,Fiber optic,No,Yes,No,No,No,Yes,Month-to-month,No,Bank transfer (automatic),84.15,2585.95,25-48,High,1,0,0,1,0,0,0,1,3,1,0.3448324,Medium Risk
3638,Female,1,Yes,No,2,Yes,No,DSL,No,Yes,No,No,No,No,Month-to-month,No,Credit card (automatic),50.15,115.1,0-12,Medium,1,0,0,1,0,0,0,0,2,1,0.34424457,Medium Risk
3874,Female,0,No,No,9,Yes,No,DSL,No,No,No,No,No,No,Month-to-month,Yes,Electronic check,43.75,405.7,0-12,Medium,1,0,0,0,0,0,0,0,1,0,0.34379983,Medium Risk
5415,Female,0,No,No,18,Yes,Yes,DSL,No,No,No,No,No,No,Month-to-month,Yes,Electronic check,50.3,913.3,13-24,Medium,1,1,0,0,0,0,0,0,2,0,0.34303296,Medium Risk
3848,Female,0,No,No,2,Yes,No,DSL,No,Yes,No,No,No,No,Month-to-month,No,Mailed check,49.2,103.7,0-12,Medium,1,0,0,1,0,0,0,0,2,0,0.34257507,Medium Risk
7023,Female,1,Yes,No,63,Yes,Yes,Fiber optic,No,Yes,Yes,No,Yes,Yes,Month-to-month,Yes,Electronic check,103.5,6479.4,49-72,Very High,1,1,0,1,1,0,1,1,6,0,0.34227574,Medium Risk
5842,Female,0,No,No,13,Yes,Yes,DSL,Yes,No,Yes,No,Yes,Yes,Month-to-month,Yes,Electronic check,78.75,995.35,13-24,High,1,1,1,0,1,0,1,1,6,0,0.34203407,Medium Risk
4065,Male,0,No,No,1,Yes,No,No,No internet service,No internet service,No internet service,No internet service,No internet service,No internet service,Month-to-month,No,Mailed check,19.75,19.75,0-12,Low,1,0,0,0,0,0,0,0,1,1,0.34149185,Medium Risk
128,Male,0,No,No,1,Yes,No,No,No internet service,No internet service,No internet service,No internet service,No internet service,No internet service,Month-to-month,No,Mailed check,19.75,19.75,0-12,Low,1,0,0,0,0,0,0,0,1,0,0.34149185,Medium Risk
2962,Female,0,Yes,Yes,3,No,No phone service,DSL,No,No,No,Yes,No,No,Month-to-month,Yes,Mailed check,31.0,95.05,0-12,Medium,0,0,0,0,0,1,0,0,1,1,0.33834496,Medium Risk
2172,Female,0,No,No,1,Yes,No,DSL,No,No,No,No,No,No,Month-to-month,No,Credit card (automatic),43.95,43.95,0-12,Medium,1,0,0,0,0,0,0,0,1,0,0.33729815,Medium Risk
1881,Male,0,No,No,26,No,No phone service,DSL,Yes,Yes,No,No,No,Yes,Month-to-month,Yes,Bank transfer (automatic),44.65,1156.55,25-48,Medium,0,0,1,1,0,0,0,1,3,0,0.33664706,Medium Risk
3031,Female,1,Yes,No,50,Yes,No,Fiber optic,No,No,No,No,No,No,Month-to-month,Yes,Electronic check,71.05,3444.85,49-72,High,1,0,0,0,0,0,0,0,1,1,0.3360619,Medium Risk
4491,Male,0,No,No,1,Yes,No,No,No internet service,No internet service,No internet service,No internet service,No internet service,No internet service,Month-to-month,Yes,Credit card (automatic),19.75,19.75,0-12,Low,1,0,0,0,0,0,0,0,1,0,0.33605894,Medium Risk
5597,Male,1,No,No,22,Yes,Yes,Fiber optic,No,No,No,Yes,Yes,No,Month-to-month,Yes,Bank transfer (automatic),90.5,1910.6,13-24,Very High,1,1,0,0,0,1,1,0,4,1,0.33468032,Medium Risk
3632,Female,0,Yes,No,24,Yes,Yes,Fiber optic,No,No,Yes,No,No,No,Month-to-month,Yes,Mailed check,79.65,1928.7,13-24,High,1,1,0,0,1,0,0,0,3,0,0.3334829,Medium Risk
3228,Male,0,Yes,Yes,53,Yes,Yes,Fiber optic,No,Yes,Yes,No,Yes,Yes,One year,Yes,Electronic check,105.25,5576.3,49-72,Very High,1,1,0,1,1,0,1,1,6,0,0.33312026,Medium Risk
6111,Female,0,No,No,40,Yes,Yes,Fiber optic,No,No,No,No,No,Yes,Month-to-month,No,Bank transfer (automatic),83.85,3532.25,25-48,High,1,1,0,0,0,0,0,1,3,0,0.3318975,Medium Risk
2467,Male,0,Yes,Yes,49,Yes,Yes,Fiber optic,No,No,No,Yes,Yes,Yes,One year,Yes,Electronic check,97.95,4917.9,49-72,Very High,1,1,0,0,0,1,1,1,5,0,0.33011505,Medium Risk
5585,Male,0,No,No,1,Yes,No,No,No internet service,No internet service,No internet service,No internet service,No internet service,No internet service,Month-to-month,Yes,Mailed check,19.3,19.3,0-12,Low,1,0,0,0,0,0,0,0,1,1,0.3300204,Medium Risk
4823,Male,0,No,No,1,Yes,No,DSL,Yes,No,No,Yes,No,No,Month-to-month,Yes,Electronic check,53.95,53.95,0-12,Medium,1,0,1,0,0,1,0,0,3,1,0.32969853,Medium Risk
5891,Male,0,No,No,11,No,No phone service,DSL,No,No,Yes,No,Yes,No,One year,Yes,Electronic check,41.6,470.6,0-12,Medium,0,0,0,0,1,0,1,0,2,1,0.32966998,Medium Risk
4755,Male,0,Yes,No,33,Yes,No,Fiber optic,No,No,No,No,Yes,Yes,Month-to-month,No,Electronic check,91.25,2964.05,25-48,Very High,1,0,0,0,0,0,1,1,3,0,0.32877204,Medium Risk
311,Female,0,No,No,22,Yes,No,Fiber optic,Yes,No,No,Yes,No,Yes,Month-to-month,Yes,Electronic check,89.05,1886.25,13-24,High,1,0,1,0,0,1,0,1,4,0,0.32814288,Medium Risk
2604,Female,0,No,No,29,Yes,Yes,Fiber optic,No,No,Yes,No,Yes,Yes,Month-to-month,No,Bank transfer (automatic),100.55,2878.75,25-48,Very High,1,1,0,0,1,0,1,1,5,0,0.32744357,Medium Risk
4030,Female,0,No,Yes,5,Yes,No,DSL,No,No,No,Yes,No,No,Month-to-month,Yes,Mailed check,51.0,286.8,0-12,Medium,1,0,0,0,0,1,0,0,2,0,0.3269158,Medium Risk
5615,Male,0,No,No,1,Yes,No,No,No internet service,No internet service,No internet service,No internet service,No internet service,No internet service,Month-to-month,Yes,Bank transfer (automatic),20.2,20.2,0-12,Low,1,0,0,0,0,0,0,0,1,1,0.32565325,Medium Risk
262,Male,1,Yes,No,57,Yes,Yes,Fiber optic,No,Yes,No,No,No,Yes,Month-to-month,Yes,Electronic check,89.85,4925.35,49-72,High,1,1,0,1,0,0,0,1,4,0,0.32548183,Medium Risk
2783,Female,0,Yes,No,43,Yes,Yes,Fiber optic,Yes,Yes,No,No,No,Yes,Month-to-month,Yes,Electronic check,94.1,4107.3,25-48,Very High,1,1,1,1,0,0,0,1,5,0,0.3254412,Medium Risk
1345,Female,0,Yes,No,57,Yes,Yes,Fiber optic,No,No,Yes,No,Yes,Yes,One year,Yes,Credit card (automatic),100.75,5985.0,49-72,Very High,1,1,0,0,1,0,1,1,5,0,0.3254083,Medium Risk
5877,Female,0,No,No,53,Yes,Yes,Fiber optic,Yes,No,Yes,No,Yes,Yes,One year,Yes,Credit card (automatic),106.95,5785.5,49-72,Very High,1,1,1,0,1,0,1,1,6,1,0.32480386,Medium Risk
2099,Female,0,Yes,No,40,Yes,Yes,Fiber optic,No,No,No,Yes,No,No,Month-to-month,Yes,Credit card (automatic),78.85,3126.85,25-48,High,1,1,0,0,0,1,0,0,3,0,0.32413992,Medium Risk
4651,Female,0,No,No,15,Yes,No,Fiber optic,Yes,No,No,No,Yes,No,Month-to-month,No,Electronic check,86.2,1270.2,13-24,High,1,0,1,0,0,0,1,0,3,1,0.32371897,Medium Risk
675,Male,1,No,No,65,Yes,Yes,Fiber optic,Yes,No,Yes,Yes,Yes,Yes,Two year,Yes,Electronic check,110.35,7246.15,49-72,Very High,1,1,1,0,1,1,1,1,7,0,0.32186428,Medium Risk
2850,Male,1,Yes,No,60,Yes,Yes,Fiber optic,No,No,No,Yes,Yes,Yes,Month-to-month,Yes,Electronic check,99.0,6017.9,49-72,Very High,1,1,0,0,0,1,1,1,5,0,0.32055235,Medium Risk
6974,Female,0,Yes,No,51,Yes,Yes,Fiber optic,No,No,Yes,No,Yes,Yes,One year,Yes,Electronic check,98.85,4947.55,49-72,Very High,1,1,0,0,1,0,1,1,5,0,0.32008418,Medium Risk
325,Female,0,Yes,No,52,Yes,Yes,Fiber optic,No,Yes,No,Yes,Yes,Yes,Month-to-month,Yes,Credit card (automatic),102.7,5138.1,49-72,Very High,1,1,0,1,0,1,1,1,6,0,0.31995445,Medium Risk
2590,Female,1,Yes,No,25,Yes,No,Fiber optic,No,Yes,Yes,No,No,Yes,Month-to-month,No,Bank transfer (automatic),88.4,2191.15,25-48,High,1,0,0,1,1,0,0,1,4,0,0.3181072,Medium Risk
5669,Male,1,Yes,No,43,Yes,No,Fiber optic,No,Yes,Yes,No,Yes,Yes,One year,Yes,Bank transfer (automatic),100.55,4304.0,25-48,Very High,1,0,0,1,1,0,1,1,5,0,0.31765255,Medium Risk
5854,Female,0,No,No,15,Yes,Yes,DSL,No,No,No,No,No,No,Month-to-month,Yes,Mailed check,48.8,720.1,13-24,Medium,1,1,0,0,0,0,0,0,2,0,0.31481037,Medium Risk
760,Male,0,No,No,1,Yes,No,No,No internet service,No internet service,No internet service,No internet service,No internet service,No internet service,Month-to-month,No,Mailed check,20.8,20.8,0-12,Low,1,0,0,0,0,0,0,0,1,0,0.3140818,Medium Risk
2526,Male,0,No,No,1,Yes,No,No,No internet service,No internet service,No internet service,No internet service,No internet service,No internet service,Month-to-month,No,Mailed check,19.4,19.4,0-12,Low,1,0,0,0,0,0,0,0,1,1,0.31200224,Medium Risk
4275,Female,0,No,No,1,Yes,Yes,No,No internet service,No internet service,No internet service,No internet service,No internet service,No internet service,Month-to-month,Yes,Mailed check,25.75,25.75,0-12,Low,1,1,0,0,0,0,0,0,2,0,0.31091568,Medium Risk
5219,Male,0,No,No,1,Yes,No,No,No internet service,No internet service,No internet service,No internet service,No internet service,No internet service,Month-to-month,No,Mailed check,20.6,20.6,0-12,Low,1,0,0,0,0,0,0,0,1,0,0.31007373,Medium Risk
6454,Female,0,No,No,41,Yes,Yes,Fiber optic,Yes,No,No,No,No,No,Month-to-month,Yes,Credit card (automatic),81.3,3190.65,25-48,High,1,1,1,0,0,0,0,0,3,0,0.30843458,Medium Risk
6081,Male,0,No,No,1,Yes,No,DSL,Yes,No,No,No,No,No,Month-to-month,Yes,Credit card (automatic),49.8,49.8,0-12,Medium,1,0,1,0,0,0,0,0,2,0,0.3082275,Medium Risk
4185,Female,0,No,No,1,Yes,No,No,No internet service,No internet service,No internet service,No internet service,No internet service,No internet service,Month-to-month,No,Electronic check,20.7,20.7,0-12,Low,1,0,0,0,0,0,0,0,1,0,0.30809632,Medium Risk
4340,Male,0,No,Yes,5,Yes,No,DSL,No,No,No,Yes,No,No,Month-to-month,Yes,Bank transfer (automatic),48.65,235.2,0-12,Medium,1,0,0,0,0,1,0,0,2,0,0.3078167,Medium Risk
6191,Female,1,No,No,42,Yes,Yes,DSL,No,No,Yes,No,No,No,Month-to-month,No,Electronic check,55.65,2421.75,25-48,Medium,1,1,0,0,1,0,0,0,3,0,0.30757612,Medium Risk
1461,Male,0,Yes,No,22,Yes,Yes,Fiber optic,Yes,No,No,Yes,Yes,No,Month-to-month,No,Credit card (automatic),95.9,2234.95,13-24,Very High,1,1,1,0,0,1,1,0,5,0,0.30722156,Medium Risk
3753,Male,0,No,No,1,No,No phone service,DSL,No,No,No,Yes,No,No,Month-to-month,No,Mailed check,29.15,29.15,0-12,Low,0,0,0,0,0,1,0,0,1,0,0.30630776,Medium Risk
150,Female,0,Yes,Yes,8,Yes,No,DSL,No,No,No,Yes,Yes,Yes,Month-to-month,Yes,Electronic check,68.55,564.35,0-12,High,1,0,0,0,0,1,1,1,4,0,0.30308565,Medium Risk
5787,Female,0,No,No,36,Yes,No,Fiber optic,No,No,Yes,Yes,No,Yes,Month-to-month,Yes,Electronic check,87.55,3078.1,25-48,High,1,0,0,0,1,1,0,1,4,1,0.30063704,Medium Risk
5509,Female,0,No,Yes,5,Yes,No,DSL,No,No,No,No,No,No,Month-to-month,No,Mailed check,46.0,221.7,0-12,Medium,1,0,0,0,0,0,0,0,1,1,0.30020192,Medium Risk
2608,Male,0,Yes,Yes,7,No,No phone service,DSL,Yes,No,No,Yes,No,No,Month-to-month,Yes,Electronic check,34.5,279.25,0-12,Medium,0,0,1,0,0,1,0,0,2,1,0.2997168,Low Risk
6127,Female,0,Yes,No,56,Yes,Yes,Fiber optic,Yes,Yes,Yes,No,Yes,Yes,One year,No,Bank transfer (automatic),109.8,6109.65,49-72,Very High,1,1,1,1,1,0,1,1,7,0,0.2970967,Low Risk
479,Female,0,No,Yes,15,Yes,No,Fiber optic,No,No,No,No,No,No,Month-to-month,No,Bank transfer (automatic),69.0,994.8,13-24,High,1,0,0,0,0,0,0,0,1,1,0.29563415,Low Risk
3463,Male,0,No,No,37,Yes,Yes,Fiber optic,Yes,No,No,No,Yes,No,Month-to-month,Yes,Electronic check,91.15,3369.25,25-48,Very High,1,1,1,0,0,0,1,0,4,0,0.2952484,Low Risk
1023,Female,1,Yes,No,45,Yes,No,Fiber optic,No,No,Yes,No,No,Yes,Month-to-month,Yes,Electronic check,86.1,3861.45,25-48,High,1,0,0,0,1,0,0,1,3,0,0.29523504,Low Risk
2383,Male,0,Yes,Yes,21,No,No phone service,DSL,No,No,No,No,No,No,Month-to-month,Yes,Electronic check,26.05,565.75,13-24,Low,0,0,0,0,0,0,0,0,0,0,0.29501718,Low Risk
3706,Male,0,No,No,26,Yes,Yes,Fiber optic,No,No,Yes,Yes,No,No,Month-to-month,Yes,Mailed check,84.3,2281.6,25-48,High,1,1,0,0,1,1,0,0,4,0,0.29455382,Low Risk
1801,Male,0,No,No,22,Yes,No,Fiber optic,No,No,No,No,No,No,Month-to-month,Yes,Mailed check,69.7,1490.4,13-24,High,1,0,0,0,0,0,0,0,1,0,0.29431662,Low Risk
3899,Female,1,Yes,No,52,Yes,Yes,Fiber optic,Yes,Yes,Yes,No,Yes,Yes,Month-to-month,Yes,Electronic check,109.1,5647.95,49-72,Very High,1,1,1,1,1,0,1,1,7,0,0.29370004,Low Risk
4460,Male,0,Yes,No,18,Yes,No,Fiber optic,No,No,Yes,Yes,No,No,Month-to-month,No,Electronic check,78.2,1468.75,13-24,High,1,0,0,0,1,1,0,0,3,0,0.290809,Low Risk
2978,Male,0,No,No,24,Yes,No,Fiber optic,No,Yes,Yes,Yes,No,No,Month-to-month,Yes,Electronic check,85.95,2107.15,13-24,High,1,0,0,1,1,1,0,0,4,0,0.2893523,Low Risk
1635,Female,0,No,No,3,Yes,No,DSL,No,No,Yes,No,Yes,Yes,One year,Yes,Electronic check,69.95,220.45,0-12,High,1,0,0,0,1,0,1,1,4,0,0.28925535,Low Risk
6207,Male,1,No,No,46,Yes,No,Fiber optic,Yes,No,No,No,No,Yes,Month-to-month,No,Electronic check,85.0,3969.4,25-48,High,1,0,1,0,0,0,0,1,3,1,0.2874625,Low Risk
3743,Male,0,No,Yes,4,Yes,No,DSL,Yes,No,No,No,No,No,Month-to-month,No,Electronic check,49.35,219.65,0-12,Medium,1,0,1,0,0,0,0,0,2,1,0.28676167,Low Risk
3664,Male,0,No,No,4,Yes,No,DSL,No,No,No,Yes,No,No,Month-to-month,Yes,Mailed check,50.8,202.3,0-12,Medium,1,0,0,0,0,1,0,0,2,0,0.2865293,Low Risk
2102,Male,0,No,Yes,18,Yes,Yes,Fiber optic,No,No,Yes,No,No,No,Month-to-month,Yes,Credit card (automatic),80.55,1406.65,13-24,High,1,1,0,0,1,0,0,0,3,0,0.28636014,Low Risk
3856,Male,0,Yes,No,61,Yes,Yes,Fiber optic,No,Yes,Yes,Yes,Yes,Yes,Month-to-month,Yes,Electronic check,114.1,7132.15,49-72,Very High,1,1,0,1,1,1,1,1,7,0,0.28598458,Low Risk
3544,Male,0,Yes,No,31,Yes,Yes,Fiber optic,No,Yes,Yes,No,Yes,No,Month-to-month,No,Electronic check,93.8,3019.5,25-48,Very High,1,1,0,1,1,0,1,0,5,1,0.28519362,Low Risk
5355,Male,0,No,No,48,Yes,Yes,Fiber optic,Yes,No,No,Yes,No,Yes,Month-to-month,Yes,Electronic check,95.4,4445.3,25-48,Very High,1,1,1,0,0,1,0,1,5,0,0.28465667,Low Risk
428,Male,0,No,No,18,Yes,Yes,Fiber optic,No,No,No,No,No,No,Month-to-month,Yes,Bank transfer (automatic),75.6,1395.05,13-24,High,1,1,0,0,0,0,0,0,2,0,0.28374133,Low Risk
384,Male,0,No,No,48,Yes,Yes,Fiber optic,No,Yes,Yes,No,Yes,Yes,Two year,Yes,Bank transfer (automatic),108.1,5067.45,25-48,Very High,1,1,0,1,1,0,1,1,6,0,0.28064066,Low Risk
5179,Male,0,No,No,3,Yes,No,DSL,No,No,No,Yes,Yes,Yes,Month-to-month,Yes,Electronic check,69.35,191.35,0-12,High,1,0,0,0,0,1,1,1,4,1,0.27711475,Low Risk
978,Male,1,Yes,No,62,Yes,Yes,Fiber optic,No,Yes,Yes,No,Yes,Yes,One year,Yes,Electronic check,103.75,6383.35,49-72,Very High,1,1,0,1,1,0,1,1,6,1,0.27700046,Low Risk
1458,Male,0,No,No,1,Yes,No,No,No internet service,No internet service,No internet service,No internet service,No internet service,No internet service,Month-to-month,No,Electronic check,20.55,20.55,0-12,Low,1,0,0,0,0,0,0,0,1,1,0.27637017,Low Risk
4464,Male,0,No,No,12,Yes,No,Fiber optic,Yes,No,Yes,No,No,No,Month-to-month,No,Bank transfer (automatic),81.7,858.6,0-12,High,1,0,1,0,1,0,0,0,3,1,0.27580255,Low Risk
3251,Female,1,No,No,37,Yes,Yes,Fiber optic,Yes,Yes,No,No,Yes,Yes,Month-to-month,Yes,Bank transfer (automatic),106.75,4056.75,25-48,Very High,1,1,1,1,0,0,1,1,6,1,0.27557743,Low Risk
1443,Male,0,Yes,No,3,Yes,No,DSL,No,No,Yes,Yes,No,No,Month-to-month,Yes,Mailed check,55.8,154.55,0-12,Medium,1,0,0,0,1,1,0,0,3,0,0.27421102,Low Risk
469,Female,0,Yes,Yes,13,Yes,No,DSL,No,No,No,No,No,Yes,Month-to-month,No,Electronic check,55.95,734.35,13-24,Medium,1,0,0,0,0,0,0,1,2,1,0.27411723,Low Risk
6388,Female,0,No,No,1,Yes,No,No,No internet service,No internet service,No internet service,No internet service,No internet service,No internet service,Month-to-month,No,Mailed check,20.4,20.4,0-12,Low,1,0,0,0,0,0,0,0,1,1,0.2735738,Low Risk
4308,Male,0,No,No,25,Yes,No,Fiber optic,No,No,No,No,No,No,Month-to-month,No,Electronic check,69.75,1729.35,25-48,High,1,0,0,0,0,0,0,0,1,0,0.27067298,Low Risk
5105,Female,1,Yes,No,40,Yes,No,Fiber optic,No,Yes,No,Yes,Yes,Yes,One year,Yes,Credit card (automatic),99.2,4062.2,25-48,Very High,1,0,0,1,0,1,1,1,5,1,0.27026263,Low Risk
1567,Female,0,Yes,No,10,Yes,No,DSL,No,No,Yes,No,Yes,Yes,Month-to-month,Yes,Credit card (automatic),67.8,653.15,0-12,High,1,0,0,0,1,0,1,1,4,0,0.26996416,Low Risk
6537,Male,0,Yes,No,70,Yes,Yes,Fiber optic,Yes,Yes,Yes,Yes,Yes,Yes,One year,No,Credit card (automatic),115.65,7968.85,49-72,Very High,1,1,1,1,1,1,1,1,8,1,0.2694499,Low Risk
6853,Female,0,No,No,54,Yes,Yes,Fiber optic,No,Yes,Yes,Yes,Yes,Yes,Month-to-month,No,Electronic check,111.1,6014.85,49-72,Very High,1,1,0,1,1,1,1,1,7,1,0.26871893,Low Risk
2206,Male,1,Yes,No,57,Yes,Yes,Fiber optic,No,Yes,Yes,No,No,Yes,Month-to-month,Yes,Bank transfer (automatic),95.25,5427.05,49-72,Very High,1,1,0,1,1,0,0,1,5,1,0.26846427,Low Risk
5166,Male,0,No,No,61,Yes,Yes,Fiber optic,Yes,No,Yes,No,Yes,Yes,One year,No,Electronic check,104.0,6363.45,49-72,Very High,1,1,1,0,1,0,1,1,6,0,0.26828682,Low Risk
5379,Female,0,Yes,No,56,Yes,Yes,Fiber optic,Yes,No,No,No,Yes,Yes,One year,Yes,Electronic check,98.0,5270.6,49-72,Very High,1,1,1,0,0,0,1,1,5,0,0.26716268,Low Risk
715,Male,0,No,No,46,Yes,Yes,Fiber optic,Yes,No,No,No,Yes,No,Month-to-month,Yes,Credit card (automatic),89.15,4245.55,25-48,High,1,1,1,0,0,0,1,0,4,0,0.26648313,Low Risk
5999,Male,0,No,No,35,Yes,Yes,Fiber optic,Yes,No,Yes,Yes,Yes,Yes,Two year,Yes,Electronic check,108.95,4025.5,25-48,Very High,1,1,1,0,1,1,1,1,7,0,0.2651128,Low Risk
5512,Female,0,Yes,Yes,9,Yes,Yes,DSL,No,Yes,No,No,No,No,Month-to-month,Yes,Mailed check,55.3,501.2,0-12,Medium,1,1,0,1,0,0,0,0,3,0,0.26505926,Low Risk
3408,Female,0,No,No,4,Yes,No,DSL,No,Yes,No,No,No,No,Month-to-month,No,Credit card (automatic),50.7,151.3,0-12,Medium,1,0,0,1,0,0,0,0,2,1,0.2643314,Low Risk
5234,Female,0,Yes,No,40,Yes,Yes,Fiber optic,Yes,No,Yes,No,Yes,Yes,One year,No,Bank transfer (automatic),105.75,4228.55,25-48,Very High,1,1,1,0,1,0,1,1,6,0,0.26402718,Low Risk
6339,Male,0,No,Yes,1,Yes,No,DSL,No,No,No,Yes,No,No,Month-to-month,Yes,Mailed check,49.9,49.9,0-12,Medium,1,0,0,0,0,1,0,0,2,1,0.26385522,Low Risk
6292,Male,0,Yes,Yes,39,Yes,Yes,Fiber optic,No,No,Yes,No,Yes,Yes,One year,No,Electronic check,100.0,3835.55,25-48,Very High,1,1,0,0,1,0,1,1,5,0,0.26263297,Low Risk
6919,Male,0,No,No,54,Yes,Yes,Fiber optic,No,No,Yes,No,No,Yes,Month-to-month,No,Credit card (automatic),89.4,4869.5,49-72,High,1,1,0,0,1,0,0,1,4,0,0.26181164,Low Risk
249,Male,0,No,No,42,Yes,Yes,Fiber optic,Yes,Yes,Yes,No,No,Yes,One year,Yes,Electronic check,99.0,4298.45,25-48,Very High,1,1,1,1,1,0,0,1,6,0,0.2611276,Low Risk
4571,Female,0,Yes,No,20,Yes,No,Fiber optic,No,No,No,No,No,No,Month-to-month,Yes,Bank transfer (automatic),69.8,1540.35,13-24,High,1,0,0,0,0,0,0,0,1,0,0.2601596,Low Risk
541,Female,0,No,No,11,Yes,Yes,DSL,No,No,No,No,No,Yes,Month-to-month,Yes,Mailed check,58.95,601.6,0-12,Medium,1,1,0,0,0,0,0,1,3,0,0.2591449,Low Risk
6796,Male,0,Yes,Yes,2,Yes,Yes,DSL,Yes,No,No,No,No,No,Month-to-month,No,Mailed check,56.7,113.55,0-12,Medium,1,1,1,0,0,0,0,0,3,1,0.25699547,Low Risk
6419,Male,1,Yes,No,69,Yes,Yes,Fiber optic,Yes,Yes,No,No,No,No,Month-to-month,Yes,Credit card (automatic),84.9,5785.65,49-72,High,1,1,1,1,0,0,0,0,4,0,0.25670144,Low Risk
6110,Female,0,Yes,No,19,Yes,No,DSL,No,Yes,No,No,No,Yes,Month-to-month,Yes,Mailed check,59.8,1130.85,13-24,Medium,1,0,0,1,0,0,0,1,3,0,0.25667554,Low Risk
1523,Male,0,No,No,8,Yes,No,DSL,No,No,No,No,No,No,Month-to-month,No,Mailed check,43.55,335.4,0-12,Medium,1,0,0,0,0,0,0,0,1,0,0.25662962,Low Risk
2773,Male,0,Yes,No,24,No,No phone service,DSL,No,No,Yes,No,No,No,Month-to-month,No,Electronic check,29.1,688.0,13-24,Low,0,0,0,0,1,0,0,0,1,0,0.25630796,Low Risk
1441,Female,1,Yes,No,58,Yes,Yes,Fiber optic,No,Yes,No,No,Yes,Yes,One year,Yes,Bank transfer (automatic),97.8,5458.8,49-72,Very High,1,1,0,1,0,0,1,1,5,0,0.25207454,Low Risk
3940,Male,0,No,No,19,No,No phone service,DSL,No,No,No,No,No,No,Month-to-month,Yes,Bank transfer (automatic),25.15,468.35,13-24,Low,0,0,0,0,0,0,0,0,0,0,0.25151873,Low Risk
2819,Female,0,No,No,4,Yes,No,DSL,Yes,Yes,No,No,No,No,Month-to-month,No,Electronic check,55.2,220.65,0-12,Medium,1,0,1,1,0,0,0,0,3,0,0.25119698,Low Risk
2576,Female,0,Yes,Yes,53,Yes,No,Fiber optic,No,Yes,Yes,Yes,Yes,Yes,Month-to-month,Yes,Bank transfer (automatic),108.25,5935.1,49-72,Very High,1,0,0,1,1,1,1,1,6,0,0.25119537,Low Risk
5000,Male,0,No,No,6,Yes,No,DSL,No,No,No,Yes,No,No,Month-to-month,Yes,Credit card (automatic),49.5,312.7,0-12,Medium,1,0,0,0,0,1,0,0,2,0,0.24920736,Low Risk
5316,Male,0,Yes,Yes,49,Yes,Yes,Fiber optic,No,Yes,Yes,No,Yes,No,One year,Yes,Electronic check,93.65,4520.15,49-72,Very High,1,1,0,1,1,0,1,0,5,0,0.24733734,Low Risk
4249,Female,0,Yes,Yes,10,Yes,No,DSL,No,Yes,Yes,No,No,Yes,One year,Yes,Mailed check,65.9,660.05,0-12,High,1,0,0,1,1,0,0,1,4,0,0.24671753,Low Risk
6501,Female,0,Yes,No,67,Yes,Yes,Fiber optic,No,Yes,Yes,No,Yes,Yes,One year,Yes,Bank transfer (automatic),105.7,6816.95,49-72,Very High,1,1,0,1,1,0,1,1,6,0,0.24652764,Low Risk
1893,Male,0,No,Yes,16,Yes,Yes,DSL,Yes,Yes,No,No,No,Yes,Month-to-month,Yes,Electronic check,69.1,1083.7,13-24,High,1,1,1,1,0,0,0,1,5,0,0.24625212,Low Risk
5954,Male,0,No,No,20,No,No phone service,DSL,Yes,Yes,Yes,Yes,Yes,No,Month-to-month,Yes,Credit card (automatic),55.0,1165.55,13-24,Medium,0,0,1,1,1,1,1,0,5,0,0.24625033,Low Risk
4721,Male,0,No,No,1,Yes,No,No,No internet service,No internet service,No internet service,No internet service,No internet service,No internet service,Month-to-month,No,Mailed check,20.25,20.25,0-12,Low,1,0,0,0,0,0,0,0,1,1,0.24595569,Low Risk
6137,Female,0,No,No,5,Yes,No,DSL,Yes,No,No,Yes,No,No,Month-to-month,No,Credit card (automatic),53.85,259.8,0-12,Medium,1,0,1,0,0,1,0,0,3,1,0.24533203,Low Risk
6466,Male,0,No,No,18,Yes,Yes,Fiber optic,No,No,No,No,No,No,Month-to-month,No,Mailed check,74.15,1387.0,13-24,High,1,1,0,0,0,0,0,0,2,0,0.24519002,Low Risk
3240,Female,0,Yes,No,54,Yes,Yes,Fiber optic,Yes,Yes,No,No,Yes,Yes,One year,No,Bank transfer (automatic),106.55,5763.3,49-72,Very High,1,1,1,1,0,0,1,1,6,1,0.24352697,Low Risk
4925,Male,0,Yes,No,64,Yes,Yes,Fiber optic,Yes,No,Yes,Yes,Yes,Yes,One year,Yes,Mailed check,108.5,6880.85,49-72,Very High,1,1,1,0,1,1,1,1,7,0,0.24282666,Low Risk
7024,Male,0,Yes,No,44,Yes,Yes,Fiber optic,Yes,No,Yes,No,No,No,Month-to-month,Yes,Credit card (automatic),84.8,3626.35,25-48,High,1,1,1,0,1,0,0,0,4,0,0.24183577,Low Risk
6206,Male,0,Yes,No,52,Yes,Yes,Fiber optic,No,Yes,No,Yes,No,Yes,Month-to-month,Yes,Credit card (automatic),95.65,5088.4,49-72,Very High,1,1,0,1,0,1,0,1,5,0,0.24063204,Low Risk
3669,Male,0,No,No,44,Yes,Yes,Fiber optic,Yes,Yes,Yes,No,Yes,Yes,Month-to-month,Yes,Electronic check,111.5,4915.15,25-48,Very High,1,1,1,1,1,0,1,1,7,0,0.23975052,Low Risk
5006,Female,0,No,No,15,Yes,Yes,DSL,Yes,No,No,No,No,No,Month-to-month,Yes,Mailed check,55.7,899.8,13-24,Medium,1,1,1,0,0,0,0,0,3,1,0.23867242,Low Risk
3312,Male,0,No,No,1,Yes,No,No,No internet service,No internet service,No internet service,No internet service,No internet service,No internet service,Month-to-month,No,Mailed check,20.3,20.3,0-12,Low,1,0,0,0,0,0,0,0,1,0,0.2378271,Low Risk
2759,Male,0,No,No,1,Yes,No,No,No internet service,No internet service,No internet service,No internet service,No internet service,No internet service,Month-to-month,No,Bank transfer (automatic),19.65,19.65,0-12,Low,1,0,0,0,0,0,0,0,1,0,0.23736683,Low Risk
2674,Female,1,No,No,4,Yes,No,No,No internet service,No internet service,No internet service,No internet service,No internet service,No internet service,Month-to-month,No,Mailed check,20.05,91.45,0-12,Low,1,0,0,0,0,0,0,0,1,0,0.23735063,Low Risk
522,Male,0,Yes,Yes,55,Yes,Yes,Fiber optic,No,No,No,No,No,Yes,Month-to-month,No,Bank transfer (automatic),85.5,4713.4,49-72,High,1,1,0,0,0,0,0,1,3,0,0.23531339,Low Risk
3658,Female,0,No,No,10,Yes,No,DSL,No,No,Yes,Yes,No,No,Month-to-month,No,Electronic check,54.25,583.0,0-12,Medium,1,0,0,0,1,1,0,0,3,0,0.23517254,Low Risk
3985,Male,1,Yes,No,16,Yes,No,DSL,Yes,Yes,No,No,No,No,Month-to-month,Yes,Bank transfer (automatic),54.55,825.1,13-24,Medium,1,0,1,1,0,0,0,0,3,0,0.23485796,Low Risk
5302,Female,0,Yes,Yes,10,Yes,No,DSL,No,Yes,No,Yes,No,Yes,Month-to-month,Yes,Electronic check,65.5,616.9,0-12,High,1,0,0,1,0,1,0,1,4,0,0.23390344,Low Risk
3482,Male,0,No,No,19,Yes,No,DSL,No,No,No,No,No,No,Month-to-month,Yes,Bank transfer (automatic),45.0,865.85,13-24,Medium,1,0,0,0,0,0,0,0,1,0,0.23300433,Low Risk
617,Female,1,No,No,66,Yes,Yes,Fiber optic,No,No,Yes,Yes,Yes,Yes,One year,Yes,Credit card (automatic),102.85,6976.75,49-72,Very High,1,1,0,0,1,1,1,1,6,0,0.23220427,Low Risk
223,Male,0,Yes,No,4,Yes,No,DSL,No,No,No,Yes,No,No,Month-to-month,No,Mailed check,50.05,179.35,0-12,Medium,1,0,0,0,0,1,0,0,2,1,0.23184137,Low Risk
1578,Female,0,No,No,7,Yes,No,DSL,No,No,No,Yes,Yes,No,Month-to-month,Yes,Mailed check,59.5,415.95,0-12,Medium,1,0,0,0,0,1,1,0,3,1,0.22986528,Low Risk
4422,Male,0,No,No,30,Yes,No,Fiber optic,No,Yes,No,No,Yes,Yes,One year,Yes,Bank transfer (automatic),97.0,3021.3,25-48,Very High,1,0,0,1,0,0,1,1,4,0,0.2290991,Low Risk
2792,Female,0,No,No,15,Yes,No,DSL,No,Yes,No,No,No,No,Month-to-month,No,Electronic check,48.85,736.8,13-24,Medium,1,0,0,1,0,0,0,0,2,0,0.22829033,Low Risk
2892,Male,0,No,No,1,Yes,No,No,No internet service,No internet service,No internet service,No internet service,No internet service,No internet service,Month-to-month,No,Mailed check,20.45,20.45,0-12,Low,1,0,0,0,0,0,0,0,1,0,0.2278363,Low Risk
6847,Female,0,Yes,Yes,18,Yes,No,DSL,No,No,No,No,Yes,No,Month-to-month,No,Mailed check,55.95,1082.8,13-24,Medium,1,0,0,0,0,0,1,0,2,0,0.22606753,Low Risk
2377,Male,0,No,Yes,47,Yes,No,DSL,Yes,Yes,No,No,No,No,Month-to-month,Yes,Electronic check,55.3,2654.05,25-48,Medium,1,0,1,1,0,0,0,0,3,0,0.22587883,Low Risk
6251,Female,0,Yes,Yes,1,Yes,No,No,No internet service,No internet service,No internet service,No internet service,No internet service,No internet service,Month-to-month,No,Electronic check,19.25,19.25,0-12,Low,1,0,0,0,0,0,0,0,1,0,0.22562411,Low Risk
3158,Male,0,Yes,No,18,Yes,No,DSL,No,No,Yes,No,No,No,Month-to-month,Yes,Mailed check,49.55,878.35,13-24,Medium,1,0,0,0,1,0,0,0,2,1,0.22560799,Low Risk
5635,Female,0,Yes,No,22,Yes,No,DSL,No,Yes,Yes,No,No,No,Month-to-month,Yes,Mailed check,54.7,1178.75,13-24,Medium,1,0,0,1,1,0,0,0,3,0,0.22530277,Low Risk
3174,Male,0,Yes,No,58,No,No phone service,DSL,No,No,No,No,Yes,Yes,One year,Yes,Credit card (automatic),45.0,2689.35,49-72,Medium,0,0,0,0,0,0,1,1,2,0,0.22483087,Low Risk
3368,Female,0,No,No,46,Yes,Yes,Fiber optic,No,Yes,Yes,No,No,Yes,One year,Yes,Electronic check,94.15,4408.45,25-48,Very High,1,1,0,1,1,0,0,1,5,0,0.22224474,Low Risk
1207,Female,0,No,Yes,9,Yes,No,DSL,No,No,No,Yes,Yes,Yes,Month-to-month,Yes,Credit card (automatic),69.4,571.45,0-12,High,1,0,0,0,0,1,1,1,4,0,0.22091916,Low Risk
1296,Female,1,No,No,20,Yes,No,Fiber optic,No,No,No,No,Yes,No,Month-to-month,No,Bank transfer (automatic),80.7,1614.2,13-24,High,1,0,0,0,0,0,1,0,2,0,0.22015409,Low Risk
5661,Male,0,No,No,4,Yes,No,No,No internet service,No internet service,No internet service,No internet service,No internet service,No internet service,Month-to-month,Yes,Electronic check,19.85,63.0,0-12,Low,1,0,0,0,0,0,0,0,1,0,0.21954621,Low Risk
4577,Female,1,Yes,No,62,Yes,Yes,Fiber optic,Yes,No,Yes,No,Yes,Yes,One year,Yes,Electronic check,104.85,6312.9,49-72,Very High,1,1,1,0,1,0,1,1,6,0,0.21878324,Low Risk
3907,Male,0,No,No,19,Yes,No,Fiber optic,No,No,Yes,Yes,Yes,No,Month-to-month,No,Mailed check,89.95,1682.4,13-24,High,1,0,0,0,1,1,1,0,4,0,0.2175887,Low Risk
6142,Female,0,Yes,No,42,Yes,Yes,DSL,No,No,No,No,No,No,Month-to-month,Yes,Electronic check,50.25,2203.65,25-48,Medium,1,1,0,0,0,0,0,0,2,1,0.21696323,Low Risk
2210,Female,0,No,No,69,Yes,Yes,Fiber optic,No,No,Yes,Yes,Yes,Yes,Two year,No,Electronic check,104.0,7028.5,49-72,Very High,1,1,0,0,1,1,1,1,6,0,0.21683408,Low Risk
2451,Male,0,Yes,Yes,28,Yes,Yes,Fiber optic,Yes,Yes,No,No,Yes,Yes,One year,No,Electronic check,106.1,2847.4,25-48,Very High,1,1,1,1,0,0,1,1,6,1,0.21528292,Low Risk
2663,Female,0,Yes,No,59,Yes,Yes,Fiber optic,Yes,Yes,Yes,No,Yes,Yes,One year,Yes,Credit card (automatic),109.15,6557.75,49-72,Very High,1,1,1,1,1,0,1,1,7,0,0.21503578,Low Risk
1388,Female,0,Yes,Yes,12,Yes,No,DSL,No,No,Yes,No,Yes,No,Month-to-month,Yes,Credit card (automatic),58.35,740.55,0-12,Medium,1,0,0,0,1,0,1,0,3,0,0.21435136,Low Risk
5778,Female,0,No,No,1,Yes,No,No,No internet service,No internet service,No internet service,No internet service,No internet service,No internet service,Month-to-month,No,Credit card (automatic),20.3,20.3,0-12,Low,1,0,0,0,0,0,0,0,1,0,0.21373133,Low Risk
4603,Male,0,Yes,No,3,No,No phone service,DSL,Yes,No,No,Yes,No,No,Month-to-month,No,Mailed check,35.1,101.1,0-12,Medium,0,0,1,0,0,1,0,0,2,0,0.21331394,Low Risk
1242,Female,0,Yes,No,21,No,No phone service,DSL,Yes,No,No,No,No,No,Month-to-month,No,Electronic check,28.5,629.35,13-24,Low,0,0,1,0,0,0,0,0,1,0,0.2132453,Low Risk
3787,Female,0,No,No,58,Yes,No,Fiber optic,No,No,No,Yes,Yes,Yes,Month-to-month,Yes,Electronic check,95.3,5817.7,49-72,Very High,1,0,0,0,0,1,1,1,4,0,0.21160676,Low Risk
4325,Male,0,No,No,1,Yes,No,No,No internet service,No internet service,No internet service,No internet service,No internet service,No internet service,Month-to-month,No,Credit card (automatic),20.75,20.75,0-12,Low,1,0,0,0,0,0,0,0,1,0,0.21027765,Low Risk
2711,Female,0,Yes,Yes,28,Yes,No,Fiber optic,No,No,No,No,Yes,Yes,One year,Yes,Bank transfer (automatic),90.1,2598.95,25-48,Very High,1,0,0,0,0,0,1,1,3,1,0.20993128,Low Risk
807,Male,0,Yes,No,71,Yes,Yes,Fiber optic,Yes,No,Yes,Yes,Yes,Yes,Two year,Yes,Credit card (automatic),108.55,7616.0,49-72,Very High,1,1,1,0,1,1,1,1,7,0,0.2096656,Low Risk
315,Male,0,Yes,Yes,51,Yes,Yes,Fiber optic,Yes,Yes,No,Yes,Yes,Yes,One year,No,Credit card (automatic),110.05,5686.4,49-72,Very High,1,1,1,1,0,1,1,1,7,0,0.20927262,Low Risk
2486,Female,0,Yes,Yes,28,Yes,Yes,Fiber optic,No,No,No,Yes,No,Yes,One year,Yes,Electronic check,90.45,2509.25,25-48,Very High,1,1,0,0,0,1,0,1,4,0,0.20920774,Low Risk
1014,Male,0,Yes,Yes,18,Yes,No,DSL,No,No,Yes,No,No,Yes,Month-to-month,No,Electronic check,57.45,990.85,13-24,Medium,1,0,0,0,1,0,0,1,3,1,0.20845602,Low Risk
5797,Male,0,Yes,No,19,Yes,Yes,Fiber optic,Yes,Yes,No,Yes,No,No,Month-to-month,Yes,Credit card (automatic),88.8,1672.35,13-24,High,1,1,1,1,0,1,0,0,5,0,0.2082847,Low Risk
6948,Female,0,No,No,47,Yes,No,Fiber optic,Yes,No,Yes,Yes,Yes,Yes,One year,Yes,Electronic check,103.7,4730.6,25-48,Very High,1,0,1,0,1,1,1,1,6,0,0.20735465,Low Risk
74,Female,0,No,Yes,3,Yes,No,DSL,Yes,No,No,Yes,No,Yes,Month-to-month,Yes,Bank transfer (automatic),64.5,177.4,0-12,High,1,0,1,0,0,1,0,1,4,0,0.20560107,Low Risk
5619,Female,1,Yes,No,20,Yes,No,Fiber optic,No,No,No,No,Yes,Yes,One year,Yes,Bank transfer (automatic),91.0,1859.5,13-24,Very High,1,0,0,0,0,0,1,1,3,0,0.20549478,Low Risk
3227,Male,0,Yes,Yes,12,Yes,No,DSL,No,No,No,No,Yes,No,Month-to-month,Yes,Mailed check,56.3,628.65,0-12,Medium,1,0,0,0,0,0,1,0,2,0,0.20466016,Low Risk
1143,Male,0,Yes,No,18,Yes,Yes,DSL,No,Yes,No,No,No,No,Month-to-month,No,Credit card (automatic),56.8,1074.65,13-24,Medium,1,1,0,1,0,0,0,0,3,0,0.20458393,Low Risk
5048,Female,1,Yes,No,54,Yes,No,Fiber optic,No,No,Yes,Yes,Yes,Yes,One year,Yes,Electronic check,99.1,5437.1,49-72,Very High,1,0,0,0,1,1,1,1,5,0,0.20421715,Low Risk
4792,Female,1,Yes,No,65,Yes,Yes,Fiber optic,No,Yes,Yes,No,Yes,Yes,One year,Yes,Electronic check,106.25,6979.8,49-72,Very High,1,1,0,1,1,0,1,1,6,1,0.20415576,Low Risk
1286,Female,0,No,No,1,Yes,No,DSL,No,No,Yes,Yes,Yes,Yes,One year,No,Credit card (automatic),74.1,74.1,0-12,High,1,0,0,0,1,1,1,1,5,0,0.20360732,Low Risk
5806,Female,0,No,Yes,2,Yes,No,No,No internet service,No internet service,No internet service,No internet service,No internet service,No internet service,Month-to-month,Yes,Electronic check,19.6,35.85,0-12,Low,1,0,0,0,0,0,0,0,1,1,0.20273398,Low Risk
3454,Female,1,Yes,Yes,29,No,No phone service,DSL,No,Yes,Yes,No,No,No,Month-to-month,Yes,Mailed check,35.65,1025.15,25-48,Medium,0,0,0,1,1,0,0,0,2,0,0.20104547,Low Risk
1648,Male,1,Yes,Yes,60,Yes,Yes,Fiber optic,Yes,No,No,No,No,No,Month-to-month,Yes,Electronic check,80.95,4859.1,49-72,High,1,1,1,0,0,0,0,0,3,0,0.20074464,Low Risk
3320,Male,1,Yes,No,18,Yes,No,DSL,Yes,No,No,No,No,Yes,Month-to-month,Yes,Credit card (automatic),59.1,1011.05,13-24,Medium,1,0,1,0,0,0,0,1,3,0,0.1972439,Low Risk
5029,Female,0,Yes,No,7,Yes,No,DSL,Yes,No,No,No,No,No,Month-to-month,Yes,Bank transfer (automatic),50.3,355.1,0-12,Medium,1,0,1,0,0,0,0,0,2,0,0.19698332,Low Risk
667,Male,0,No,No,49,No,No phone service,DSL,No,No,Yes,No,No,No,Month-to-month,Yes,Bank transfer (automatic),30.2,1453.1,49-72,Medium,0,0,0,0,1,0,0,0,1,0,0.19686542,Low Risk
6114,Male,0,No,No,8,Yes,No,DSL,No,Yes,No,Yes,Yes,No,Month-to-month,Yes,Electronic check,66.65,520.95,0-12,High,1,0,0,1,0,1,1,0,4,0,0.19683373,Low Risk
3818,Female,0,Yes,No,58,Yes,Yes,Fiber optic,Yes,Yes,No,Yes,Yes,Yes,Two year,Yes,Credit card (automatic),109.1,6393.65,49-72,Very High,1,1,1,1,0,1,1,1,7,0,0.1966216,Low Risk
2081,Female,0,Yes,Yes,23,Yes,No,Fiber optic,No,No,Yes,No,No,No,Month-to-month,Yes,Credit card (automatic),75.3,1702.9,13-24,High,1,0,0,0,1,0,0,0,2,0,0.19639748,Low Risk
5107,Female,0,Yes,No,47,Yes,No,DSL,No,Yes,No,No,Yes,No,Month-to-month,Yes,Bank transfer (automatic),58.6,2723.4,25-48,Medium,1,0,0,1,0,0,1,0,3,0,0.19458388,Low Risk
3831,Male,1,Yes,No,25,Yes,Yes,Fiber optic,Yes,No,No,No,No,Yes,One year,Yes,Electronic check,89.05,2177.45,25-48,High,1,1,1,0,0,0,0,1,4,1,0.1945466,Low Risk
3166,Male,0,Yes,No,14,Yes,No,DSL,No,No,No,Yes,No,No,Month-to-month,No,Bank transfer (automatic),48.8,664.4,13-24,Medium,1,0,0,0,0,1,0,0,2,0,0.19354151,Low Risk
4982,Female,1,Yes,No,61,Yes,Yes,Fiber optic,No,Yes,Yes,No,Yes,Yes,One year,Yes,Credit card (automatic),104.4,6405.0,49-72,Very High,1,1,0,1,1,0,1,1,6,1,0.19255775,Low Risk
4140,Female,0,No,No,63,Yes,Yes,Fiber optic,No,Yes,No,No,Yes,Yes,One year,No,Bank transfer (automatic),99.9,6137.0,49-72,Very High,1,1,0,1,0,0,1,1,5,1,0.19250606,Low Risk
2435,Female,0,No,Yes,14,Yes,No,DSL,No,No,Yes,No,Yes,No,Month-to-month,Yes,Credit card (automatic),59.8,824.85,13-24,Medium,1,0,0,0,1,0,1,0,3,0,0.19222683,Low Risk
1782,Female,1,No,No,26,Yes,Yes,DSL,No,No,No,Yes,No,Yes,Month-to-month,Yes,Electronic check,66.05,1652.4,25-48,High,1,1,0,0,0,1,0,1,4,0,0.19191785,Low Risk
3197,Female,0,Yes,Yes,22,Yes,No,DSL,No,Yes,No,No,Yes,Yes,One year,Yes,Bank transfer (automatic),69.5,1498.2,13-24,High,1,0,0,1,0,0,1,1,4,1,0.18940128,Low Risk
2687,Male,0,No,No,28,Yes,No,Fiber optic,No,No,Yes,Yes,No,Yes,Month-to-month,No,Electronic check,91.0,2626.15,25-48,Very High,1,0,0,0,1,1,0,1,4,0,0.18872735,Low Risk
603,Male,0,No,No,46,Yes,Yes,Fiber optic,No,Yes,Yes,Yes,Yes,Yes,Two year,No,Electronic check,108.65,4903.2,25-48,Very High,1,1,0,1,1,1,1,1,7,0,0.18850304,Low Risk
481,Female,0,Yes,No,48,No,No phone service,DSL,Yes,No,Yes,No,No,Yes,Month-to-month,Yes,Bank transfer (automatic),45.3,2145.0,25-48,Medium,0,0,1,0,1,0,0,1,3,1,0.18757246,Low Risk
6101,Female,1,No,No,69,Yes,Yes,Fiber optic,Yes,No,Yes,Yes,Yes,Yes,Two year,No,Credit card (automatic),110.25,7467.55,49-72,Very High,1,1,1,0,1,1,1,1,7,0,0.1855619,Low Risk
3476,Male,1,Yes,No,65,Yes,Yes,Fiber optic,Yes,No,No,No,Yes,Yes,One year,Yes,Electronic check,100.75,6674.65,49-72,Very High,1,1,1,0,0,0,1,1,5,0,0.18400012,Low Risk
1644,Female,0,No,No,34,Yes,Yes,Fiber optic,Yes,Yes,Yes,No,Yes,Yes,Month-to-month,Yes,Mailed check,109.8,3587.25,25-48,Very High,1,1,1,1,1,0,1,1,7,1,0.18389533,Low Risk
18,Female,0,Yes,Yes,10,Yes,No,DSL,No,No,Yes,Yes,No,No,Month-to-month,No,Credit card (automatic),55.2,528.35,0-12,Medium,1,0,0,0,1,1,0,0,3,1,0.18372178,Low Risk
7011,Female,0,No,No,4,Yes,No,DSL,Yes,Yes,No,Yes,No,No,Month-to-month,Yes,Mailed check,60.4,272.15,0-12,High,1,0,1,1,0,1,0,0,4,1,0.18286014,Low Risk
4627,Male,0,No,No,60,Yes,Yes,Fiber optic,Yes,Yes,Yes,Yes,Yes,Yes,One year,Yes,Credit card (automatic),116.6,7049.5,49-72,Very High,1,1,1,1,1,1,1,1,8,0,0.1825681,Low Risk
4259,Female,0,No,No,3,Yes,No,No,No internet service,No internet service,No internet service,No internet service,No internet service,No internet service,Month-to-month,Yes,Mailed check,19.6,59.75,0-12,Low,1,0,0,0,0,0,0,0,1,1,0.1822823,Low Risk
2771,Female,0,Yes,Yes,13,Yes,No,DSL,Yes,No,Yes,No,No,Yes,Month-to-month,Yes,Mailed check,63.15,816.8,13-24,High,1,0,1,0,1,0,0,1,4,0,0.18164814,Low Risk
6972,Female,1,No,No,56,Yes,Yes,Fiber optic,No,Yes,Yes,Yes,Yes,Yes,One year,Yes,Electronic check,111.95,6418.9,49-72,Very High,1,1,0,1,1,1,1,1,7,1,0.18123624,Low Risk
3624,Female,1,Yes,Yes,62,Yes,Yes,Fiber optic,No,Yes,Yes,No,No,Yes,Month-to-month,Yes,Credit card (automatic),96.1,6019.35,49-72,Very High,1,1,0,1,1,0,0,1,5,0,0.17917009,Low Risk
1883,Female,1,Yes,No,35,Yes,Yes,Fiber optic,Yes,Yes,No,Yes,Yes,No,Month-to-month,Yes,Bank transfer (automatic),100.5,3653.35,25-48,Very High,1,1,1,1,0,1,1,0,6,1,0.1786244,Low Risk
6665,Male,0,Yes,Yes,43,No,No phone service,DSL,No,Yes,No,No,No,No,Month-to-month,No,Credit card (automatic),29.3,1224.05,25-48,Low,0,0,0,1,0,0,0,0,1,0,0.17816792,Low Risk
3470,Male,0,Yes,Yes,8,Yes,No,DSL,Yes,No,No,No,No,No,Month-to-month,Yes,Credit card (automatic),51.3,411.6,0-12,Medium,1,0,1,0,0,0,0,0,2,0,0.17776243,Low Risk
2796,Female,0,Yes,No,55,Yes,Yes,Fiber optic,Yes,No,No,No,Yes,No,Month-to-month,Yes,Bank transfer (automatic),89.8,4959.6,49-72,High,1,1,1,0,0,0,1,0,4,0,0.17705533,Low Risk
4658,Female,0,No,No,8,Yes,No,DSL,No,No,No,No,No,No,Month-to-month,No,Mailed check,44.45,369.3,0-12,Medium,1,0,0,0,0,0,0,0,1,0,0.17560567,Low Risk
5968,Female,0,No,No,12,Yes,Yes,DSL,No,No,No,Yes,Yes,Yes,One year,No,Mailed check,74.05,872.65,0-12,High,1,1,0,0,0,1,1,1,5,1,0.17559195,Low Risk
2237,Male,0,Yes,Yes,27,No,No phone service,DSL,No,Yes,Yes,No,No,Yes,One year,Yes,Credit card (automatic),45.85,1246.4,25-48,Medium,0,0,0,1,1,0,0,1,3,0,0.1755021,Low Risk
1171,Male,0,Yes,No,60,Yes,No,Fiber optic,No,Yes,No,No,Yes,Yes,One year,Yes,Electronic check,94.4,5610.25,49-72,Very High,1,0,0,1,0,0,1,1,4,1,0.1741243,Low Risk
1577,Female,0,Yes,Yes,17,Yes,No,Fiber optic,No,No,Yes,Yes,Yes,Yes,One year,No,Bank transfer (automatic),98.6,1704.95,13-24,Very High,1,0,0,0,1,1,1,1,5,1,0.17408213,Low Risk
868,Male,0,Yes,No,59,Yes,Yes,Fiber optic,No,No,No,No,No,Yes,One year,No,Electronic check,85.55,5084.65,49-72,High,1,1,0,0,0,0,0,1,3,1,0.1737589,Low Risk
2961,Male,0,No,No,12,Yes,No,DSL,No,Yes,No,Yes,No,No,Month-to-month,Yes,Mailed check,53.75,648.65,0-12,Medium,1,0,0,1,0,1,0,0,3,0,0.17365465,Low Risk
4838,Female,0,Yes,No,67,Yes,Yes,Fiber optic,No,Yes,Yes,Yes,Yes,Yes,One year,Yes,Credit card (automatic),109.7,7344.45,49-72,Very High,1,1,0,1,1,1,1,1,7,0,0.17346554,Low Risk
4521,Female,0,Yes,No,46,No,No phone service,DSL,Yes,Yes,No,No,Yes,No,Month-to-month,No,Electronic check,45.55,2062.15,25-48,Medium,0,0,1,1,0,0,1,0,3,0,0.17338166,Low Risk
4849,Male,0,No,No,41,No,No phone service,DSL,No,No,Yes,No,Yes,Yes,One year,Yes,Electronic check,51.35,2075.1,25-48,Medium,0,0,0,0,1,0,1,1,3,0,0.17287913,Low Risk
1557,Male,0,No,No,12,Yes,Yes,DSL,Yes,Yes,No,Yes,No,No,Month-to-month,Yes,Electronic check,67.25,832.3,0-12,High,1,1,1,1,0,1,0,0,5,0,0.17171942,Low Risk
2204,Male,0,Yes,Yes,67,Yes,Yes,Fiber optic,Yes,Yes,Yes,No,Yes,Yes,One year,Yes,Electronic check,111.3,7482.1,49-72,Very High,1,1,1,1,1,0,1,1,7,1,0.17111263,Low Risk
123,Female,0,Yes,Yes,7,Yes,No,DSL,Yes,No,No,No,No,No,Month-to-month,No,Mailed check,50.7,350.35,0-12,Medium,1,0,1,0,0,0,0,0,2,0,0.17078148,Low Risk
5595,Female,0,No,No,2,Yes,No,No,No internet service,No internet service,No internet service,No internet service,No internet service,No internet service,Month-to-month,No,Mailed check,19.4,61.05,0-12,Low,1,0,0,0,0,0,0,0,1,0,0.17023772,Low Risk
5433,Male,0,No,No,55,Yes,No,Fiber optic,Yes,Yes,No,No,Yes,Yes,One year,Yes,Mailed check,100.9,5552.05,49-72,Very High,1,0,1,1,0,0,1,1,5,0,0.16938145,Low Risk
7,Female,0,No,No,10,No,No phone service,DSL,Yes,No,No,No,No,No,Month-to-month,No,Mailed check,29.75,301.9,0-12,Low,0,0,1,0,0,0,0,0,1,0,0.16916066,Low Risk
6946,Female,0,No,Yes,48,No,No phone service,DSL,No,Yes,Yes,No,No,Yes,Month-to-month,No,Credit card (automatic),45.55,2108.35,25-48,Medium,0,0,0,1,1,0,0,1,3,0,0.1676701,Low Risk
2421,Male,0,No,No,68,No,No phone service,DSL,No,No,Yes,No,No,Yes,Month-to-month,Yes,Bank transfer (automatic),39.9,2796.35,49-72,Medium,0,0,0,0,1,0,0,1,2,0,0.166396,Low Risk
5715,Male,0,No,No,32,Yes,Yes,Fiber optic,Yes,Yes,No,Yes,Yes,Yes,Month-to-month,Yes,Credit card (automatic),108.15,3432.9,25-48,Very High,1,1,1,1,0,1,1,1,7,1,0.16598722,Low Risk
1586,Female,0,Yes,Yes,68,Yes,Yes,Fiber optic,Yes,No,Yes,Yes,Yes,Yes,Two year,Yes,Bank transfer (automatic),109.05,7508.55,49-72,Very High,1,1,1,0,1,1,1,1,7,0,0.16561222,Low Risk
6603,Male,0,Yes,No,14,Yes,Yes,DSL,No,No,No,Yes,Yes,No,Month-to-month,Yes,Credit card (automatic),66.6,979.5,13-24,High,1,1,0,0,0,1,1,0,4,0,0.16500399,Low Risk
3720,Female,0,No,No,42,Yes,No,DSL,Yes,No,Yes,No,No,No,Month-to-month,No,Credit card (automatic),54.55,2455.05,25-48,Medium,1,0,1,0,1,0,0,0,3,0,0.164946,Low Risk
631,Female,0,Yes,No,46,Yes,Yes,DSL,Yes,No,No,No,No,No,Month-to-month,No,Bank transfer (automatic),55.0,2473.95,25-48,Medium,1,1,1,0,0,0,0,0,3,0,0.16456445,Low Risk
888,Male,0,Yes,Yes,37,Yes,No,Fiber optic,No,No,No,No,Yes,Yes,One year,No,Credit card (automatic),91.2,3247.55,25-48,Very High,1,0,0,0,0,0,1,1,3,0,0.1626836,Low Risk
3630,Female,0,No,No,4,Yes,No,No,No internet service,No internet service,No internet service,No internet service,No internet service,No internet service,Month-to-month,No,Bank transfer (automatic),20.95,85.5,0-12,Low,1,0,0,0,0,0,0,0,1,1,0.16220213,Low Risk
4296,Female,0,Yes,Yes,35,Yes,Yes,DSL,Yes,No,Yes,Yes,Yes,No,Month-to-month,No,Electronic check,72.25,2568.55,25-48,High,1,1,1,0,1,1,1,0,6,1,0.16161652,Low Risk
2286,Male,1,Yes,No,8,Yes,No,DSL,No,No,Yes,Yes,No,Yes,Month-to-month,Yes,Credit card (automatic),64.4,581.7,0-12,High,1,0,0,0,1,1,0,1,4,0,0.15942115,Low Risk
6964,Female,0,Yes,No,49,No,No phone service,DSL,No,Yes,No,Yes,Yes,Yes,One year,Yes,Credit card (automatic),56.3,2780.6,49-72,Medium,0,0,0,1,0,1,1,1,4,0,0.1587679,Low Risk
6057,Male,0,No,No,19,Yes,No,DSL,No,No,No,Yes,Yes,No,Month-to-month,Yes,Credit card (automatic),61.55,1093.2,13-24,High,1,0,0,0,0,1,1,0,3,0,0.15861118,Low Risk
595,Female,0,No,No,12,Yes,Yes,DSL,Yes,No,Yes,Yes,No,No,Month-to-month,Yes,Mailed check,61.65,713.75,0-12,High,1,1,1,0,1,1,0,0,5,1,0.15832518,Low Risk
654,Female,1,No,No,8,Yes,No,No,No internet service,No internet service,No internet service,No internet service,No internet service,No internet service,Month-to-month,No,Electronic check,19.65,164.3,0-12,Low,1,0,0,0,0,0,0,0,1,1,0.15819792,Low Risk
2785,Female,0,No,No,25,Yes,Yes,Fiber optic,No,Yes,Yes,Yes,Yes,Yes,Two year,No,Electronic check,108.9,2809.05,25-48,Very High,1,1,0,1,1,1,1,1,7,0,0.15797433,Low Risk
6954,Male,0,No,No,15,Yes,No,No,No internet service,No internet service,No internet service,No internet service,No internet service,No internet service,Month-to-month,Yes,Mailed check,19.8,309.4,13-24,Low,1,0,0,0,0,0,0,0,1,0,0.15793121,Low Risk
3678,Male,0,Yes,Yes,16,Yes,Yes,DSL,Yes,Yes,No,Yes,Yes,Yes,Month-to-month,No,Electronic check,84.9,1398.25,13-24,High,1,1,1,1,0,1,1,1,7,0,0.15779011,Low Risk
3437,Female,0,No,No,41,Yes,Yes,DSL,No,Yes,No,No,No,No,One year,Yes,Credit card (automatic),56.3,2364.0,25-48,Medium,1,1,0,1,0,0,0,0,3,0,0.15765125,Low Risk
900,Female,0,No,No,2,Yes,No,No,No internet service,No internet service,No internet service,No internet service,No internet service,No internet service,Month-to-month,No,Mailed check,19.5,27.55,0-12,Low,1,0,0,0,0,0,0,0,1,0,0.15643564,Low Risk
3291,Female,0,Yes,Yes,24,Yes,No,DSL,Yes,No,No,Yes,No,No,Month-to-month,No,Electronic check,55.15,1319.85,13-24,Medium,1,0,1,0,0,1,0,0,3,0,0.15621527,Low Risk
523,Female,0,No,No,23,Yes,Yes,Fiber optic,No,No,No,No,No,No,Month-to-month,No,Bank transfer (automatic),75.6,1758.6,13-24,High,1,1,0,0,0,0,0,0,2,1,0.15600853,Low Risk
1777,Female,0,No,No,28,Yes,Yes,DSL,No,No,No,Yes,No,No,Month-to-month,Yes,Credit card (automatic),54.9,1505.15,25-48,Medium,1,1,0,0,0,1,0,0,3,0,0.15585606,Low Risk
6977,Male,0,No,No,24,Yes,No,DSL,No,Yes,No,No,No,No,Month-to-month,Yes,Mailed check,49.7,1218.25,13-24,Medium,1,0,0,1,0,0,0,0,2,0,0.15483406,Low Risk
3957,Male,0,Yes,No,63,Yes,Yes,Fiber optic,No,No,Yes,No,Yes,Yes,Two year,No,Electronic check,102.6,6296.75,49-72,Very High,1,1,0,0,1,0,1,1,5,0,0.15439299,Low Risk
1727,Male,0,No,No,31,Yes,Yes,DSL,No,Yes,No,Yes,Yes,No,Month-to-month,Yes,Electronic check,71.05,2168.15,25-48,High,1,1,0,1,0,1,1,0,5,0,0.15428238,Low Risk
4879,Female,1,No,No,46,Yes,Yes,DSL,No,No,Yes,Yes,No,Yes,One year,Yes,Credit card (automatic),69.1,3255.35,25-48,High,1,1,0,0,1,1,0,1,5,0,0.1529022,Low Risk
4436,Female,0,No,Yes,19,Yes,No,DSL,Yes,Yes,Yes,No,No,No,Month-to-month,Yes,Electronic check,60.6,1297.8,13-24,High,1,0,1,1,1,0,0,0,4,0,0.15190975,Low Risk
1520,Female,0,Yes,No,3,Yes,No,No,No internet service,No internet service,No internet service,No internet service,No internet service,No internet service,Month-to-month,Yes,Mailed check,19.6,55.25,0-12,Low,1,0,0,0,0,0,0,0,1,0,0.15137196,Low Risk
4475,Female,0,No,No,3,Yes,No,No,No internet service,No internet service,No internet service,No internet service,No internet service,No internet service,Month-to-month,No,Electronic check,19.55,61.05,0-12,Low,1,0,0,0,0,0,0,0,1,0,0.15079094,Low Risk
5222,Female,0,No,No,8,Yes,Yes,DSL,Yes,Yes,Yes,No,No,No,Month-to-month,Yes,Bank transfer (automatic),65.5,573.15,0-12,High,1,1,1,1,1,0,0,0,5,0,0.15072191,Low Risk
4576,Male,0,Yes,Yes,16,Yes,No,No,No internet service,No internet service,No internet service,No internet service,No internet service,No internet service,Month-to-month,No,Electronic check,19.75,313.4,13-24,Low,1,0,0,0,0,0,0,0,1,0,0.15036383,Low Risk
4533,Female,0,Yes,No,71,Yes,Yes,Fiber optic,No,Yes,Yes,No,Yes,Yes,Two year,Yes,Bank transfer (automatic),105.15,7555.0,49-72,Very High,1,1,0,1,1,0,1,1,6,0,0.15026902,Low Risk
3628,Male,0,No,No,9,Yes,No,DSL,Yes,No,Yes,Yes,Yes,No,Month-to-month,Yes,Mailed check,69.5,653.25,0-12,High,1,0,1,0,1,1,1,0,5,0,0.15017287,Low Risk
5902,Female,0,Yes,No,9,Yes,No,DSL,No,Yes,No,No,No,No,Month-to-month,No,Mailed check,50.85,466.6,0-12,Medium,1,0,0,1,0,0,0,0,2,0,0.14963801,Low Risk
5150,Female,0,Yes,No,2,Yes,No,No,No internet service,No internet service,No internet service,No internet service,No internet service,No internet service,Month-to-month,No,Bank transfer (automatic),20.1,43.15,0-12,Low,1,0,0,0,0,0,0,0,1,0,0.14928402,Low Risk
3541,Female,0,Yes,No,49,No,No phone service,DSL,Yes,No,No,No,Yes,No,Month-to-month,No,Bank transfer (automatic),40.65,2070.75,49-72,Medium,0,0,1,0,0,0,1,0,2,0,0.1491078,Low Risk
277,Male,1,Yes,No,21,Yes,No,DSL,Yes,Yes,No,No,No,Yes,Month-to-month,Yes,Bank transfer (automatic),64.95,1339.8,13-24,High,1,0,1,1,0,0,0,1,4,0,0.14887835,Low Risk
3207,Female,0,No,No,5,Yes,No,No,No internet service,No internet service,No internet service,No internet service,No internet service,No internet service,Month-to-month,Yes,Credit card (automatic),19.65,92.05,0-12,Low,1,0,0,0,0,0,0,0,1,0,0.1487494,Low Risk
3448,Male,0,Yes,Yes,4,Yes,No,DSL,No,No,No,Yes,No,Yes,Month-to-month,No,Credit card (automatic),61.45,229.55,0-12,High,1,0,0,0,0,1,0,1,3,1,0.14684445,Low Risk
5270,Male,0,No,Yes,40,Yes,No,DSL,Yes,Yes,No,No,No,No,Month-to-month,Yes,Mailed check,55.25,2139.2,25-48,Medium,1,0,1,1,0,0,0,0,3,1,0.14646202,Low Risk
6522,Female,0,Yes,No,43,No,No phone service,DSL,Yes,No,No,Yes,No,No,Month-to-month,No,Bank transfer (automatic),34.0,1505.35,25-48,Medium,0,0,1,0,0,1,0,0,2,0,0.14644696,Low Risk
6157,Male,0,No,No,3,Yes,No,No,No internet service,No internet service,No internet service,No internet service,No internet service,No internet service,Month-to-month,No,Mailed check,19.85,64.55,0-12,Low,1,0,0,0,0,0,0,0,1,1,0.14518744,Low Risk
3751,Male,0,Yes,No,60,Yes,Yes,Fiber optic,Yes,No,Yes,Yes,Yes,Yes,Month-to-month,Yes,Bank transfer (automatic),109.45,6572.85,49-72,Very High,1,1,1,0,1,1,1,1,7,0,0.14480957,Low Risk
2011,Male,0,Yes,Yes,53,Yes,Yes,DSL,Yes,No,Yes,Yes,Yes,Yes,Month-to-month,No,Electronic check,85.7,4616.1,49-72,High,1,1,1,0,1,1,1,1,7,0,0.14419813,Low Risk
3776,Male,0,Yes,No,43,Yes,No,DSL,No,No,No,No,Yes,No,One year,Yes,Mailed check,56.35,2391.15,25-48,Medium,1,0,0,0,0,0,1,0,2,0,0.14244851,Low Risk
6108,Male,0,No,No,18,No,No phone service,DSL,No,No,No,No,No,No,Month-to-month,No,Mailed check,25.15,476.8,13-24,Low,0,0,0,0,0,0,0,0,0,0,0.14227076,Low Risk
2923,Male,0,No,No,54,Yes,No,Fiber optic,Yes,No,Yes,No,Yes,No,Month-to-month,No,Mailed check,89.8,4667.0,49-72,High,1,0,1,0,1,0,1,0,4,0,0.1421565,Low Risk
6184,Male,0,No,No,41,Yes,Yes,DSL,No,No,Yes,No,No,No,Month-to-month,Yes,Bank transfer (automatic),55.7,2237.55,25-48,Medium,1,1,0,0,1,0,0,0,3,0,0.14013933,Low Risk
3857,Male,0,No,No,5,Yes,No,No,No internet service,No internet service,No internet service,No internet service,No internet service,No internet service,Month-to-month,No,Bank transfer (automatic),20.65,93.55,0-12,Low,1,0,0,0,0,0,0,0,1,0,0.13990404,Low Risk
5692,Male,0,Yes,Yes,9,Yes,No,DSL,No,Yes,No,Yes,No,No,Month-to-month,No,Mailed check,54.8,452.8,0-12,Medium,1,0,0,1,0,1,0,0,3,0,0.13742474,Low Risk
3534,Female,0,No,Yes,46,Yes,No,Fiber optic,Yes,Yes,No,Yes,Yes,Yes,One year,Yes,Bank transfer (automatic),105.2,4822.85,25-48,Very High,1,0,1,1,0,1,1,1,6,1,0.1365222,Low Risk
4670,Female,0,Yes,Yes,46,No,No phone service,DSL,Yes,Yes,No,No,No,No,Month-to-month,No,Bank transfer (automatic),35.05,1620.25,25-48,Medium,0,0,1,1,0,0,0,0,2,0,0.1361518,Low Risk
6786,Female,0,No,No,11,Yes,No,DSL,Yes,No,No,No,No,No,Month-to-month,No,Credit card (automatic),48.55,501.0,0-12,Medium,1,0,1,0,0,0,0,0,2,1,0.13568436,Low Risk
907,Male,0,No,No,19,Yes,No,DSL,No,Yes,No,Yes,No,Yes,One year,Yes,Bank transfer (automatic),65.35,1231.85,13-24,High,1,0,0,1,0,1,0,1,4,0,0.13496135,Low Risk
4449,Female,0,No,No,60,Yes,Yes,Fiber optic,No,Yes,Yes,No,Yes,Yes,Two year,No,Electronic check,104.7,6333.8,49-72,Very High,1,1,0,1,1,0,1,1,6,0,0.1347261,Low Risk
1151,Female,0,No,No,1,Yes,No,No,No internet service,No internet service,No internet service,No internet service,No internet service,No internet service,Month-to-month,No,Electronic check,18.85,18.85,0-12,Low,1,0,0,0,0,0,0,0,1,0,0.1344486,Low Risk
3117,Female,1,Yes,Yes,70,Yes,Yes,Fiber optic,No,Yes,Yes,Yes,Yes,Yes,One year,Yes,Electronic check,107.9,7475.85,49-72,Very High,1,1,0,1,1,1,1,1,7,0,0.13434643,Low Risk
6674,Male,0,No,No,7,Yes,Yes,No,No internet service,No internet service,No internet service,No internet service,No internet service,No internet service,Month-to-month,No,Mailed check,23.5,173.0,0-12,Low,1,1,0,0,0,0,0,0,2,0,0.1343035,Low Risk
5311,Female,0,Yes,No,6,Yes,No,No,No internet service,No internet service,No internet service,No internet service,No internet service,No internet service,Month-to-month,No,Bank transfer (automatic),19.5,146.3,0-12,Low,1,0,0,0,0,0,0,0,1,1,0.13411781,Low Risk
3461,Female,0,Yes,Yes,55,Yes,No,DSL,Yes,Yes,No,No,No,No,Month-to-month,No,Electronic check,55.7,3131.8,49-72,Medium,1,0,1,1,0,0,0,0,3,0,0.13332735,Low Risk
5103,Female,0,Yes,Yes,28,Yes,No,Fiber optic,Yes,No,No,No,No,Yes,One year,Yes,Bank transfer (automatic),82.85,2320.8,25-48,High,1,0,1,0,0,0,0,1,3,0,0.13316664,Low Risk
6539,Female,0,Yes,No,26,Yes,No,DSL,No,Yes,No,Yes,Yes,Yes,Month-to-month,Yes,Electronic check,73.05,1959.5,25-48,High,1,0,0,1,0,1,1,1,5,0,0.13285883,Low Risk
4596,Male,0,No,No,18,Yes,Yes,Fiber optic,No,No,Yes,No,Yes,No,One year,Yes,Credit card (automatic),89.6,1633.0,13-24,High,1,1,0,0,1,0,1,0,4,0,0.13276158,Low Risk
6140,Female,0,No,No,3,Yes,No,No,No internet service,No internet service,No internet service,No internet service,No internet service,No internet service,Month-to-month,No,Mailed check,19.95,58.0,0-12,Low,1,0,0,0,0,0,0,0,1,0,0.13159068,Low Risk
2005,Female,0,Yes,Yes,49,Yes,Yes,Fiber optic,No,Yes,No,No,Yes,Yes,One year,No,Mailed check,100.45,4941.8,49-72,Very High,1,1,0,1,0,0,1,1,5,1,0.13140129,Low Risk
3769,Female,0,Yes,Yes,40,Yes,Yes,No,No internet service,No internet service,No internet service,No internet service,No internet service,No internet service,Month-to-month,Yes,Electronic check,26.2,1077.5,25-48,Low,1,1,0,0,0,0,0,0,2,0,0.13139068,Low Risk
3162,Male,0,No,No,19,Yes,Yes,DSL,No,No,No,No,Yes,Yes,Month-to-month,No,Mailed check,69.6,1394.55,13-24,High,1,1,0,0,0,0,1,1,4,0,0.1309472,Low Risk
6369,Male,1,No,No,67,Yes,No,Fiber optic,Yes,Yes,No,Yes,Yes,Yes,Two year,Yes,Electronic check,105.05,7171.7,49-72,Very High,1,0,1,1,0,1,1,1,6,0,0.13021035,Low Risk
510,Male,1,Yes,Yes,20,Yes,No,Fiber optic,Yes,No,Yes,Yes,No,Yes,One year,No,Credit card (automatic),94.3,1818.3,13-24,Very High,1,0,1,0,1,1,0,1,5,0,0.12922212,Low Risk
852,Male,0,No,No,2,Yes,Yes,No,No internet service,No internet service,No internet service,No internet service,No internet service,No internet service,Month-to-month,No,Mailed check,24.85,62.0,0-12,Low,1,1,0,0,0,0,0,0,2,0,0.12911229,Low Risk
2329,Female,0,No,No,57,Yes,Yes,Fiber optic,No,Yes,No,Yes,No,Yes,One year,No,Electronic check,94.7,5468.95,49-72,Very High,1,1,0,1,0,1,0,1,5,0,0.12890726,Low Risk
300,Male,0,No,No,23,Yes,No,DSL,No,No,No,No,Yes,Yes,One year,Yes,Bank transfer (automatic),64.9,1509.8,13-24,High,1,0,0,0,0,0,1,1,3,0,0.12889533,Low Risk
3217,Female,0,No,No,2,Yes,No,No,No internet service,No internet service,No internet service,No internet service,No internet service,No internet service,Month-to-month,Yes,Mailed check,20.45,42.45,0-12,Low,1,0,0,0,0,0,0,0,1,0,0.1288783,Low Risk
2731,Female,0,No,No,63,Yes,Yes,Fiber optic,Yes,Yes,Yes,No,Yes,Yes,Month-to-month,No,Credit card (automatic),108.25,6780.1,49-72,Very High,1,1,1,1,1,0,1,1,7,0,0.12884167,Low Risk
4527,Female,0,No,No,39,Yes,No,Fiber optic,No,No,Yes,Yes,No,No,Two year,Yes,Electronic check,80.45,3201.55,25-48,High,1,0,0,0,1,1,0,0,3,1,0.12809451,Low Risk
3672,Female,0,Yes,No,54,Yes,Yes,DSL,No,No,No,No,Yes,Yes,One year,Yes,Credit card (automatic),70.15,3715.65,49-72,High,1,1,0,0,0,0,1,1,4,1,0.12774587,Low Risk
5484,Male,0,Yes,Yes,69,Yes,Yes,Fiber optic,No,No,No,Yes,Yes,Yes,Two year,Yes,Electronic check,99.35,6856.45,49-72,Very High,1,1,0,0,0,1,1,1,5,0,0.12728141,Low Risk
5571,Male,0,Yes,No,61,Yes,Yes,DSL,No,Yes,Yes,No,Yes,Yes,One year,Yes,Electronic check,79.8,4914.8,49-72,High,1,1,0,1,1,0,1,1,6,0,0.12718493,Low Risk
6147,Female,1,Yes,No,39,Yes,No,Fiber optic,Yes,Yes,No,No,Yes,Yes,One year,No,Mailed check,99.1,3877.95,25-48,Very High,1,0,1,1,0,0,1,1,5,0,0.12623017,Low Risk
5283,Female,0,No,Yes,19,Yes,No,DSL,No,No,No,Yes,No,No,Month-to-month,No,Mailed check,48.8,953.65,13-24,Medium,1,0,0,0,0,1,0,0,2,0,0.12618248,Low Risk
1878,Male,0,No,No,3,Yes,No,No,No internet service,No internet service,No internet service,No internet service,No internet service,No internet service,Month-to-month,Yes,Credit card (automatic),20.75,67.1,0-12,Low,1,0,0,0,0,0,0,0,1,0,0.12599376,Low Risk
4046,Female,0,No,No,44,Yes,Yes,DSL,No,No,No,No,No,No,Month-to-month,Yes,Mailed check,50.15,2139.1,25-48,Medium,1,1,0,0,0,0,0,0,2,0,0.12586547,Low Risk
6149,Female,0,No,No,1,No,No phone service,DSL,No,No,No,No,No,No,One year,No,Mailed check,25.85,25.85,0-12,Low,0,0,0,0,0,0,0,0,0,0,0.12548093,Low Risk
2473,Female,0,Yes,Yes,6,Yes,No,No,No internet service,No internet service,No internet service,No internet service,No internet service,No internet service,Month-to-month,No,Mailed check,19.85,119.3,0-12,Low,1,0,0,0,0,0,0,0,1,0,0.12507388,Low Risk
791,Male,0,No,No,68,Yes,Yes,DSL,Yes,Yes,Yes,No,No,Yes,One year,Yes,Credit card (automatic),76.9,5023.0,49-72,High,1,1,1,1,1,0,0,1,6,0,0.124981865,Low Risk
6075,Female,0,No,No,10,Yes,No,DSL,No,Yes,No,Yes,No,Yes,One year,No,Mailed check,64.9,685.55,0-12,High,1,0,0,1,0,1,0,1,4,0,0.12466352,Low Risk
7036,Female,0,No,No,12,No,No phone service,DSL,No,Yes,Yes,Yes,Yes,Yes,One year,No,Electronic check,60.65,743.3,0-12,High,0,0,0,1,1,1,1,1,5,0,0.12449358,Low Risk
2691,Female,0,No,No,7,Yes,No,DSL,Yes,No,No,No,No,Yes,One year,Yes,Electronic check,59.1,369.25,0-12,Medium,1,0,1,0,0,0,0,1,3,0,0.12352537,Low Risk
4593,Female,0,No,No,11,Yes,No,No,No internet service,No internet service,No internet service,No internet service,No internet service,No internet service,Month-to-month,No,Bank transfer (automatic),20.3,246.3,0-12,Low,1,0,0,0,0,0,0,0,1,0,0.12328806,Low Risk
183,Male,0,Yes,Yes,33,Yes,No,DSL,Yes,No,Yes,No,Yes,Yes,One year,No,Credit card (automatic),74.75,2453.3,25-48,High,1,0,1,0,1,0,1,1,5,0,0.123225786,Low Risk
5884,Male,1,Yes,No,46,No,No phone service,DSL,No,Yes,Yes,Yes,Yes,Yes,One year,Yes,Bank transfer (automatic),59.9,2816.65,25-48,Medium,0,0,0,1,1,1,1,1,5,1,0.122472756,Low Risk
5389,Female,0,Yes,No,51,Yes,No,Fiber optic,No,No,No,No,No,No,Month-to-month,No,Mailed check,69.15,3649.6,49-72,High,1,0,0,0,0,0,0,0,1,0,0.12225206,Low Risk
3152,Female,0,No,No,26,Yes,No,Fiber optic,Yes,No,Yes,Yes,No,Yes,One year,Yes,Bank transfer (automatic),95.85,2475.35,25-48,Very High,1,0,1,0,1,1,0,1,5,0,0.121020816,Low Risk
1733,Male,0,No,No,1,Yes,No,No,No internet service,No internet service,No internet service,No internet service,No internet service,No internet service,Month-to-month,No,Mailed check,19.05,19.05,0-12,Low,1,0,0,0,0,0,0,0,1,0,0.120580085,Low Risk
5623,Male,0,No,No,40,Yes,No,DSL,No,No,No,Yes,No,No,Month-to-month,Yes,Electronic check,51.1,2092.9,25-48,Medium,1,0,0,0,0,1,0,0,2,0,0.12012666,Low Risk
4061,Female,0,No,No,14,Yes,No,DSL,Yes,No,No,No,No,No,Month-to-month,No,Bank transfer (automatic),50.1,709.5,13-24,Medium,1,0,1,0,0,0,0,0,2,0,0.1199422,Low Risk
3721,Female,0,No,No,2,Yes,No,No,No internet service,No internet service,No internet service,No internet service,No internet service,No internet service,Month-to-month,No,Mailed check,20.65,38.7,0-12,Low,1,0,0,0,0,0,0,0,1,1,0.11948919,Low Risk
4281,Male,0,No,No,50,No,No phone service,DSL,Yes,Yes,No,No,No,No,Month-to-month,Yes,Mailed check,35.0,1782.4,49-72,Medium,0,0,1,1,0,0,0,0,2,0,0.11940812,Low Risk
503,Female,0,Yes,Yes,52,Yes,No,Fiber optic,Yes,No,Yes,Yes,No,No,Month-to-month,Yes,Bank transfer (automatic),84.05,4326.8,49-72,High,1,0,1,0,1,1,0,0,4,0,0.11938768,Low Risk
2914,Male,0,No,No,32,Yes,No,DSL,No,No,No,No,Yes,Yes,One year,Yes,Bank transfer (automatic),64.85,2010.95,25-48,High,1,0,0,0,0,0,1,1,3,0,0.119365446,Low Risk
1467,Female,0,No,No,23,Yes,Yes,DSL,No,No,No,Yes,Yes,Yes,One year,Yes,Mailed check,73.75,1756.6,13-24,High,1,1,0,0,0,1,1,1,5,0,0.11930108,Low Risk
6519,Male,0,Yes,Yes,63,Yes,Yes,Fiber optic,No,Yes,No,No,No,Yes,One year,Yes,Electronic check,91.35,5764.7,49-72,Very High,1,1,0,1,0,0,0,1,4,0,0.11921627,Low Risk
1477,Male,0,Yes,Yes,61,Yes,Yes,Fiber optic,Yes,Yes,No,No,Yes,Yes,One year,Yes,Electronic check,106.0,6547.7,49-72,Very High,1,1,1,1,0,0,1,1,6,1,0.118348315,Low Risk
4486,Female,0,No,No,61,Yes,Yes,Fiber optic,No,No,Yes,No,No,Yes,Month-to-month,No,Mailed check,89.2,5500.6,49-72,High,1,1,0,0,1,0,0,1,4,0,0.117681205,Low Risk
6973,Female,1,Yes,No,53,Yes,No,Fiber optic,No,Yes,Yes,Yes,Yes,No,One year,Yes,Electronic check,94.0,4871.45,49-72,Very High,1,0,0,1,1,1,1,0,5,0,0.11767872,Low Risk
6701,Male,0,Yes,Yes,28,Yes,No,Fiber optic,No,Yes,Yes,No,Yes,Yes,One year,No,Bank transfer (automatic),100.35,2799.0,25-48,Very High,1,0,0,1,1,0,1,1,5,0,0.11754908,Low Risk
476,Male,1,Yes,Yes,35,Yes,No,DSL,No,Yes,No,Yes,Yes,Yes,Month-to-month,Yes,Electronic check,76.05,2747.2,25-48,High,1,0,0,1,0,1,1,1,5,0,0.117274165,Low Risk
1444,Male,0,No,Yes,41,Yes,No,Fiber optic,Yes,Yes,Yes,Yes,Yes,Yes,Two year,Yes,Electronic check,111.15,4507.15,25-48,Very High,1,0,1,1,1,1,1,1,7,0,0.11680968,Low Risk
4008,Female,0,Yes,Yes,51,No,No phone service,DSL,No,No,Yes,Yes,Yes,Yes,One year,Yes,Electronic check,56.15,2898.95,49-72,Medium,0,0,0,0,1,1,1,1,4,0,0.116262175,Low Risk
4984,Female,0,No,No,42,Yes,No,DSL,Yes,Yes,Yes,No,No,No,Month-to-month,No,Bank transfer (automatic),59.65,2536.55,25-48,Medium,1,0,1,1,1,0,0,0,4,0,0.11624508,Low Risk
6175,Male,0,Yes,Yes,32,Yes,No,Fiber optic,Yes,Yes,No,No,No,Yes,One year,Yes,Electronic check,90.8,3023.85,25-48,Very High,1,0,1,1,0,0,0,1,4,0,0.11475289,Low Risk
2763,Male,0,Yes,Yes,64,Yes,No,Fiber optic,Yes,Yes,No,No,No,No,Month-to-month,No,Electronic check,81.05,5135.35,49-72,High,1,0,1,1,0,0,0,0,3,0,0.11460278,Low Risk
6593,Male,0,Yes,No,55,No,No phone service,DSL,No,No,Yes,Yes,Yes,Yes,Month-to-month,Yes,Bank transfer (automatic),54.55,2978.3,49-72,Medium,0,0,0,0,1,1,1,1,4,1,0.11431563,Low Risk
4193,Male,0,No,No,10,Yes,No,No,No internet service,No internet service,No internet service,No internet service,No internet service,No internet service,Month-to-month,No,Credit card (automatic),19.75,208.25,0-12,Low,1,0,0,0,0,0,0,0,1,0,0.112958826,Low Risk
4824,Male,1,Yes,No,72,Yes,Yes,Fiber optic,No,Yes,No,No,Yes,Yes,One year,Yes,Credit card (automatic),97.25,7133.1,49-72,Very High,1,1,0,1,0,0,1,1,5,0,0.112873286,Low Risk
6939,Male,0,No,No,35,Yes,No,Fiber optic,Yes,No,No,Yes,No,Yes,One year,Yes,Electronic check,89.2,3251.3,25-48,High,1,0,1,0,0,1,0,1,4,0,0.11237427,Low Risk
4423,Male,0,No,No,33,Yes,No,DSL,No,Yes,Yes,No,Yes,No,Month-to-month,Yes,Credit card (automatic),66.4,2245.4,25-48,High,1,0,0,1,1,0,1,0,4,0,0.11226964,Low Risk
3970,Male,0,Yes,Yes,42,Yes,No,DSL,Yes,No,No,Yes,No,Yes,One year,No,Credit card (automatic),63.7,2763.35,25-48,High,1,0,1,0,0,1,0,1,4,0,0.11086678,Low Risk
4186,Male,0,No,Yes,62,Yes,Yes,Fiber optic,No,No,Yes,Yes,Yes,Yes,Two year,Yes,Electronic check,104.05,6590.5,49-72,Very High,1,1,0,0,1,1,1,1,6,0,0.110616356,Low Risk
6239,Male,0,Yes,No,72,Yes,Yes,Fiber optic,No,Yes,No,No,Yes,Yes,Two year,Yes,Electronic check,99.4,7285.7,49-72,Very High,1,1,0,1,0,0,1,1,5,0,0.11043688,Low Risk
5012,Female,0,No,No,12,Yes,No,No,No internet service,No internet service,No internet service,No internet service,No internet service,No internet service,Month-to-month,No,Mailed check,20.1,223.6,0-12,Low,1,0,0,0,0,0,0,0,1,0,0.110004686,Low Risk
2424,Female,0,No,No,57,Yes,Yes,Fiber optic,Yes,Yes,Yes,No,Yes,Yes,Two year,Yes,Bank transfer (automatic),112.95,6465.0,49-72,Very High,1,1,1,1,1,0,1,1,7,1,0.10938873,Low Risk
1573,Male,0,Yes,Yes,47,Yes,No,Fiber optic,Yes,Yes,Yes,No,No,Yes,One year,Yes,Electronic check,96.1,4391.45,25-48,Very High,1,0,1,1,1,0,0,1,5,0,0.10912744,Low Risk
5066,Male,0,Yes,No,44,No,No phone service,DSL,No,Yes,Yes,No,Yes,Yes,Two year,No,Bank transfer (automatic),54.3,2390.45,25-48,Medium,0,0,0,1,1,0,1,1,4,0,0.10906103,Low Risk
4815,Male,0,No,No,38,Yes,No,Fiber optic,No,No,No,No,No,No,One year,Yes,Bank transfer (automatic),70.45,2597.6,25-48,High,1,0,0,0,0,0,0,0,1,1,0.10873001,Low Risk
5078,Female,0,Yes,Yes,67,Yes,Yes,Fiber optic,Yes,No,Yes,Yes,No,Yes,One year,Yes,Bank transfer (automatic),100.25,6689.0,49-72,Very High,1,1,1,0,1,1,0,1,6,0,0.10781129,Low Risk
2665,Male,1,Yes,No,33,Yes,No,Fiber optic,Yes,Yes,No,Yes,No,Yes,One year,Yes,Electronic check,93.55,3055.5,25-48,Very High,1,0,1,1,0,1,0,1,5,0,0.107631125,Low Risk
2976,Male,0,No,Yes,19,Yes,Yes,No,No internet service,No internet service,No internet service,No internet service,No internet service,No internet service,Month-to-month,Yes,Credit card (automatic),24.1,439.2,13-24,Low,1,1,0,0,0,0,0,0,2,0,0.10738063,Low Risk
1451,Male,0,No,No,18,Yes,Yes,DSL,Yes,No,Yes,No,Yes,No,Month-to-month,No,Mailed check,69.5,1199.4,13-24,High,1,1,1,0,1,0,1,0,5,0,0.10732674,Low Risk
4676,Male,0,No,Yes,19,Yes,No,No,No internet service,No internet service,No internet service,No internet service,No internet service,No internet service,Month-to-month,Yes,Electronic check,20.0,377.55,13-24,Low,1,0,0,0,0,0,0,0,1,0,0.10701497,Low Risk
2695,Male,0,Yes,No,52,Yes,Yes,DSL,Yes,Yes,Yes,Yes,No,Yes,One year,Yes,Credit card (automatic),81.4,4354.45,49-72,High,1,1,1,1,1,1,0,1,7,0,0.1068765,Low Risk
4402,Male,0,No,No,39,No,No phone service,DSL,Yes,Yes,No,Yes,Yes,No,Month-to-month,Yes,Credit card (automatic),48.95,1880.85,25-48,Medium,0,0,1,1,0,1,1,0,4,1,0.106633484,Low Risk
154,Female,0,Yes,Yes,6,Yes,No,No,No internet service,No internet service,No internet service,No internet service,No internet service,No internet service,Month-to-month,No,Mailed check,19.7,113.5,0-12,Low,1,0,0,0,0,0,0,0,1,0,0.10642561,Low Risk
3936,Male,0,No,No,9,Yes,No,DSL,Yes,No,Yes,Yes,No,Yes,Month-to-month,Yes,Bank transfer (automatic),68.25,576.95,0-12,High,1,0,1,0,1,1,0,1,5,0,0.105800025,Low Risk
5034,Female,1,Yes,Yes,48,No,No phone service,DSL,No,Yes,No,No,No,No,One year,No,Bank transfer (automatic),29.9,1388.75,25-48,Low,0,0,0,1,0,0,0,0,1,0,0.105715185,Low Risk
2457,Male,1,Yes,No,57,Yes,No,Fiber optic,No,Yes,Yes,No,Yes,No,One year,Yes,Electronic check,90.65,5199.8,49-72,Very High,1,0,0,1,1,0,1,0,4,0,0.1056857,Low Risk
458,Male,0,Yes,No,2,Yes,No,No,No internet service,No internet service,No internet service,No internet service,No internet service,No internet service,Month-to-month,No,Mailed check,20.0,38.0,0-12,Low,1,0,0,0,0,0,0,0,1,0,0.10558564,Low Risk
5871,Male,0,No,No,24,Yes,Yes,DSL,Yes,No,No,No,No,No,Month-to-month,Yes,Bank transfer (automatic),55.65,1400.55,13-24,Medium,1,1,1,0,0,0,0,0,3,1,0.10535385,Low Risk
2181,Female,0,Yes,Yes,50,Yes,Yes,DSL,No,Yes,Yes,Yes,Yes,Yes,One year,Yes,Credit card (automatic),84.15,4164.4,49-72,High,1,1,0,1,1,1,1,1,7,0,0.105223596,Low Risk
1792,Male,0,Yes,Yes,42,Yes,Yes,DSL,Yes,Yes,No,No,Yes,No,Month-to-month,Yes,Bank transfer (automatic),69.4,3058.3,25-48,High,1,1,1,1,0,0,1,0,5,0,0.10479739,Low Risk
4028,Male,0,No,No,63,Yes,No,Fiber optic,Yes,Yes,Yes,Yes,Yes,Yes,Two year,No,Credit card (automatic),109.2,7049.75,49-72,Very High,1,0,1,1,1,1,1,1,7,0,0.104448974,Low Risk
250,Female,0,Yes,No,51,Yes,No,Fiber optic,Yes,Yes,Yes,No,Yes,No,One year,Yes,Electronic check,93.5,4619.55,49-72,Very High,1,0,1,1,1,0,1,0,5,0,0.10413356,Low Risk
6650,Female,0,No,No,6,Yes,No,No,No internet service,No internet service,No internet service,No internet service,No internet service,No internet service,Month-to-month,No,Mailed check,20.2,123.65,0-12,Low,1,0,0,0,0,0,0,0,1,0,0.10352838,Low Risk
4390,Male,0,Yes,Yes,22,Yes,No,DSL,Yes,Yes,No,Yes,No,No,Month-to-month,Yes,Mailed check,57.95,1271.8,13-24,Medium,1,0,1,1,0,1,0,0,4,0,0.10324772,Low Risk
2810,Female,1,Yes,Yes,65,Yes,Yes,Fiber optic,No,No,Yes,Yes,Yes,Yes,One year,Yes,Bank transfer (automatic),103.9,6767.1,49-72,Very High,1,1,0,0,1,1,1,1,6,0,0.102786765,Low Risk
4120,Male,0,Yes,Yes,26,Yes,No,Fiber optic,No,No,No,No,No,Yes,One year,No,Bank transfer (automatic),78.95,2034.25,25-48,High,1,0,0,0,0,0,0,1,2,0,0.10238858,Low Risk
1219,Female,0,Yes,Yes,62,Yes,Yes,DSL,No,No,No,No,Yes,Yes,Month-to-month,Yes,Credit card (automatic),70.45,4300.45,49-72,High,1,1,0,0,0,0,1,1,4,0,0.10051172,Low Risk
3844,Female,0,No,No,35,Yes,Yes,DSL,Yes,No,Yes,Yes,Yes,Yes,One year,Yes,Credit card (automatic),85.95,3110.1,25-48,High,1,1,1,0,1,1,1,1,7,1,0.09989834,Low Risk
2488,Male,0,No,No,31,Yes,No,DSL,No,No,Yes,Yes,No,No,Month-to-month,Yes,Electronic check,55.25,1715.65,25-48,Medium,1,0,0,0,1,1,0,0,3,1,0.09981659,Low Risk
5205,Female,0,No,No,37,Yes,Yes,Fiber optic,Yes,Yes,Yes,No,No,No,Month-to-month,No,Bank transfer (automatic),91.2,3382.3,25-48,Very High,1,1,1,1,1,0,0,0,5,0,0.099497594,Low Risk
1756,Female,1,No,No,44,Yes,No,DSL,No,No,Yes,Yes,Yes,Yes,One year,No,Bank transfer (automatic),74.85,3268.05,25-48,High,1,0,0,0,1,1,1,1,5,0,0.09864496,Low Risk
5617,Male,0,No,No,2,Yes,No,No,No internet service,No internet service,No internet service,No internet service,No internet service,No internet service,Month-to-month,No,Mailed check,20.75,44.2,0-12,Low,1,0,0,0,0,0,0,0,1,0,0.09812014,Low Risk
3398,Female,0,Yes,Yes,61,Yes,Yes,Fiber optic,Yes,Yes,Yes,No,No,Yes,One year,Yes,Credit card (automatic),100.7,6018.65,49-72,Very High,1,1,1,1,1,0,0,1,6,0,0.09790656,Low Risk
1380,Male,0,Yes,Yes,61,Yes,No,Fiber optic,No,Yes,No,Yes,Yes,Yes,One year,Yes,Bank transfer (automatic),98.45,6145.2,49-72,Very High,1,0,0,1,0,1,1,1,5,0,0.09700941,Low Risk
5080,Male,0,Yes,No,67,Yes,Yes,Fiber optic,No,Yes,Yes,No,No,Yes,Two year,Yes,Electronic check,93.15,6368.2,49-72,Very High,1,1,0,1,1,0,0,1,5,0,0.09602493,Low Risk
3537,Male,0,Yes,Yes,25,Yes,No,DSL,No,Yes,Yes,No,No,No,One year,No,Mailed check,53.65,1355.45,25-48,Medium,1,0,0,1,1,0,0,0,3,0,0.09595471,Low Risk
4630,Male,0,No,No,22,Yes,Yes,DSL,Yes,Yes,Yes,No,No,No,Month-to-month,No,Mailed check,65.05,1427.55,13-24,High,1,1,1,1,1,0,0,0,5,0,0.094884634,Low Risk
1544,Male,0,Yes,No,30,Yes,No,DSL,No,No,Yes,No,No,No,Month-to-month,Yes,Mailed check,50.0,1474.9,25-48,Medium,1,0,0,0,1,0,0,0,2,0,0.09375761,Low Risk
1187,Female,1,No,No,71,Yes,Yes,Fiber optic,No,No,Yes,No,Yes,Yes,Two year,No,Bank transfer (automatic),104.05,7413.55,49-72,Very High,1,1,0,0,1,0,1,1,5,0,0.093282595,Low Risk
6355,Female,0,No,No,68,Yes,Yes,Fiber optic,Yes,Yes,No,Yes,Yes,Yes,Two year,No,Credit card (automatic),110.25,7279.35,49-72,Very High,1,1,1,1,0,1,1,1,7,0,0.093161605,Low Risk
6564,Male,0,No,No,5,Yes,No,No,No internet service,No internet service,No internet service,No internet service,No internet service,No internet service,Month-to-month,No,Credit card (automatic),20.05,95.55,0-12,Low,1,0,0,0,0,0,0,0,1,0,0.09305715,Low Risk
967,Male,0,No,Yes,3,Yes,No,No,No internet service,No internet service,No internet service,No internet service,No internet service,No internet service,Month-to-month,No,Mailed check,20.85,60.65,0-12,Low,1,0,0,0,0,0,0,0,1,0,0.0924441,Low Risk
6485,Male,0,Yes,No,64,Yes,No,Fiber optic,Yes,No,No,No,No,No,Month-to-month,Yes,Mailed check,73.55,4764.0,49-72,High,1,0,1,0,0,0,0,0,2,0,0.092399314,Low Risk
1305,Female,0,No,No,28,Yes,No,DSL,No,No,Yes,No,Yes,No,Month-to-month,Yes,Bank transfer (automatic),59.55,1646.45,25-48,Medium,1,0,0,0,1,0,1,0,3,0,0.092387564,Low Risk
5838,Male,0,Yes,Yes,53,Yes,Yes,DSL,Yes,No,No,Yes,No,Yes,Month-to-month,No,Electronic check,71.85,3827.9,49-72,High,1,1,1,0,0,1,0,1,5,0,0.09211198,Low Risk
6245,Female,0,Yes,No,59,Yes,Yes,DSL,No,Yes,No,Yes,Yes,Yes,One year,Yes,Electronic check,80.1,4693.2,49-72,High,1,1,0,1,0,1,1,1,6,0,0.091747425,Low Risk
6725,Female,0,Yes,No,37,Yes,No,No,No internet service,No internet service,No internet service,No internet service,No internet service,No internet service,Month-to-month,No,Bank transfer (automatic),19.5,805.2,25-48,Low,1,0,0,0,0,0,0,0,1,0,0.091371335,Low Risk
832,Female,0,Yes,Yes,70,Yes,No,DSL,Yes,Yes,Yes,Yes,No,Yes,One year,No,Credit card (automatic),74.1,5222.3,49-72,High,1,0,1,1,1,1,0,1,6,0,0.09136989,Low Risk
6852,Male,0,Yes,Yes,44,Yes,No,DSL,No,Yes,Yes,Yes,No,No,Month-to-month,Yes,Mailed check,61.9,2924.05,25-48,High,1,0,0,1,1,1,0,0,4,0,0.0908318,Low Risk
1316,Male,0,No,No,7,Yes,No,No,No internet service,No internet service,No internet service,No internet service,No internet service,No internet service,Month-to-month,Yes,Mailed check,19.95,147.5,0-12,Low,1,0,0,0,0,0,0,0,1,0,0.09066674,Low Risk
4087,Female,0,No,No,10,Yes,No,No,No internet service,No internet service,No internet service,No internet service,No internet service,No internet service,Month-to-month,Yes,Mailed check,20.9,247.0,0-12,Low,1,0,0,0,0,0,0,0,1,0,0.090434864,Low Risk
4266,Male,0,No,No,62,Yes,Yes,Fiber optic,Yes,Yes,No,Yes,No,Yes,One year,No,Electronic check,102.0,6529.25,49-72,Very High,1,1,1,1,0,1,0,1,6,1,0.09020364,Low Risk
5881,Female,0,No,No,34,Yes,No,DSL,Yes,No,Yes,Yes,Yes,Yes,One year,Yes,Bank transfer (automatic),79.95,2727.3,25-48,High,1,0,1,0,1,1,1,1,6,0,0.08960884,Low Risk
3069,Female,0,No,No,10,Yes,No,No,No internet service,No internet service,No internet service,No internet service,No internet service,No internet service,Month-to-month,Yes,Mailed check,20.55,187.35,0-12,Low,1,0,0,0,0,0,0,0,1,0,0.088937216,Low Risk
5449,Male,0,Yes,Yes,67,Yes,No,Fiber optic,No,Yes,Yes,Yes,Yes,Yes,Two year,No,Bank transfer (automatic),103.15,6895.5,49-72,Very High,1,0,0,1,1,1,1,1,6,0,0.08831764,Low Risk
4403,Female,0,Yes,Yes,32,Yes,Yes,DSL,No,Yes,Yes,No,No,No,Month-to-month,No,Bank transfer (automatic),62.45,2045.55,25-48,High,1,1,0,1,1,0,0,0,4,0,0.08779449,Low Risk
5710,Female,0,Yes,No,70,Yes,Yes,Fiber optic,No,Yes,Yes,Yes,Yes,Yes,Two year,Yes,Electronic check,110.5,7752.05,49-72,Very High,1,1,0,1,1,1,1,1,7,0,0.08670539,Low Risk
2743,Male,0,Yes,No,67,Yes,No,Fiber optic,Yes,Yes,Yes,Yes,Yes,Yes,Two year,Yes,Electronic check,111.05,7321.05,49-72,Very High,1,0,1,1,1,1,1,1,7,0,0.08662007,Low Risk
6132,Female,0,No,No,67,No,No phone service,DSL,No,No,Yes,Yes,Yes,Yes,Month-to-month,Yes,Credit card (automatic),53.4,3579.15,49-72,Medium,0,0,0,0,1,1,1,1,4,0,0.086316764,Low Risk
6263,Female,0,No,No,25,No,No phone service,DSL,No,No,Yes,Yes,Yes,Yes,One year,No,Electronic check,54.2,1423.15,25-48,Medium,0,0,0,0,1,1,1,1,4,0,0.0862134,Low Risk
4552,Female,0,No,No,9,Yes,No,No,No internet service,No internet service,No internet service,No internet service,No internet service,No internet service,Month-to-month,Yes,Credit card (automatic),20.45,147.55,0-12,Low,1,0,0,0,0,0,0,0,1,0,0.08614384,Low Risk
4802,Female,0,No,No,28,Yes,No,DSL,No,Yes,No,Yes,No,No,Month-to-month,No,Bank transfer (automatic),54.65,1517.5,25-48,Medium,1,0,0,1,0,1,0,0,3,0,0.08445759,Low Risk
2522,Male,0,Yes,Yes,53,Yes,Yes,DSL,No,No,Yes,Yes,Yes,Yes,One year,Yes,Mailed check,78.75,3942.45,49-72,High,1,1,0,0,1,1,1,1,6,0,0.0838656,Low Risk
24,Male,0,Yes,Yes,49,Yes,No,DSL,Yes,Yes,No,Yes,No,No,Month-to-month,No,Credit card (automatic),59.6,2970.3,49-72,Medium,1,0,1,1,0,1,0,0,4,0,0.08382839,Low Risk
3694,Female,0,Yes,Yes,67,Yes,Yes,Fiber optic,Yes,No,Yes,Yes,Yes,Yes,Two year,Yes,Credit card (automatic),108.75,7156.2,49-72,Very High,1,1,1,0,1,1,1,1,7,1,0.08291612,Low Risk
3704,Female,0,Yes,Yes,68,Yes,Yes,DSL,Yes,Yes,Yes,No,Yes,No,One year,Yes,Credit card (automatic),73.0,5163.0,49-72,High,1,1,1,1,1,0,1,0,6,0,0.082103826,Low Risk
2919,Male,0,Yes,No,49,No,No phone service,DSL,No,Yes,No,No,Yes,Yes,Two year,No,Credit card (automatic),49.65,2409.9,49-72,Medium,0,0,0,1,0,0,1,1,3,0,0.08191014,Low Risk
2964,Male,0,Yes,No,24,Yes,Yes,DSL,Yes,No,No,Yes,No,No,One year,Yes,Electronic check,58.35,1346.9,13-24,Medium,1,1,1,0,0,1,0,0,4,0,0.0813128,Low Risk
4853,Female,0,No,No,53,Yes,No,Fiber optic,No,Yes,Yes,Yes,No,Yes,One year,Yes,Credit card (automatic),94.45,5042.75,49-72,Very High,1,0,0,1,1,1,0,1,5,0,0.080854245,Low Risk
3712,Male,0,No,No,44,Yes,No,DSL,Yes,No,No,Yes,Yes,No,One year,No,Electronic check,65.4,2774.55,25-48,High,1,0,1,0,0,1,1,0,4,0,0.08071238,Low Risk
800,Female,1,Yes,No,70,Yes,Yes,Fiber optic,No,No,No,No,No,No,Two year,Yes,Credit card (automatic),75.65,5411.4,49-72,High,1,1,0,0,0,0,0,0,2,0,0.080410026,Low Risk
4696,Female,0,No,No,59,Yes,No,Fiber optic,No,No,Yes,No,Yes,Yes,Two year,No,Electronic check,95.8,5655.45,49-72,Very High,1,0,0,0,1,0,1,1,4,0,0.07868537,Low Risk
2235,Female,0,Yes,Yes,41,Yes,Yes,DSL,Yes,Yes,Yes,No,Yes,No,One year,Yes,Credit card (automatic),78.35,3211.2,25-48,High,1,1,1,1,1,0,1,0,6,0,0.07856475,Low Risk
5965,Male,0,Yes,Yes,36,Yes,No,DSL,Yes,No,Yes,No,No,Yes,One year,Yes,Credit card (automatic),63.7,2188.5,25-48,High,1,0,1,0,1,0,0,1,4,0,0.07801831,Low Risk
1351,Male,0,Yes,Yes,11,Yes,No,No,No internet service,No internet service,No internet service,No internet service,No internet service,No internet service,Month-to-month,Yes,Electronic check,20.45,250.8,0-12,Low,1,0,0,0,0,0,0,0,1,0,0.07736279,Low Risk
6332,Male,0,Yes,Yes,68,Yes,No,Fiber optic,Yes,Yes,Yes,No,Yes,Yes,Two year,Yes,Bank transfer (automatic),105.25,7173.15,49-72,Very High,1,0,1,1,1,0,1,1,6,0,0.07676957,Low Risk
2849,Female,0,No,No,12,Yes,No,No,No internet service,No internet service,No internet service,No internet service,No internet service,No internet service,Month-to-month,No,Mailed check,20.3,246.7,0-12,Low,1,0,0,0,0,0,0,0,1,0,0.07675395,Low Risk
6965,Female,1,Yes,No,61,Yes,Yes,Fiber optic,Yes,Yes,Yes,Yes,No,No,Month-to-month,Yes,Credit card (automatic),94.2,5895.45,49-72,Very High,1,1,1,1,1,1,0,0,6,0,0.076703265,Low Risk
3670,Female,0,Yes,Yes,33,Yes,Yes,No,No internet service,No internet service,No internet service,No internet service,No internet service,No internet service,Month-to-month,No,Bank transfer (automatic),24.25,838.5,25-48,Low,1,1,0,0,0,0,0,0,2,0,0.076351374,Low Risk
3449,Female,0,Yes,Yes,52,Yes,Yes,Fiber optic,No,Yes,Yes,No,Yes,No,One year,Yes,Credit card (automatic),95.7,4976.15,49-72,Very High,1,1,0,1,1,0,1,0,5,0,0.07630298,Low Risk
1250,Female,0,Yes,No,56,Yes,Yes,Fiber optic,No,No,Yes,Yes,Yes,Yes,Two year,No,Bank transfer (automatic),103.2,5744.35,49-72,Very High,1,1,0,0,1,1,1,1,6,0,0.07599147,Low Risk
6098,Male,0,Yes,Yes,21,Yes,Yes,DSL,Yes,No,No,No,Yes,Yes,One year,Yes,Bank transfer (automatic),75.9,1549.75,13-24,High,1,1,1,0,0,0,1,1,5,0,0.07578464,Low Risk
4653,Female,0,Yes,Yes,30,No,No phone service,DSL,No,No,No,Yes,Yes,Yes,Month-to-month,No,Credit card (automatic),51.2,1561.5,25-48,Medium,0,0,0,0,0,1,1,1,3,1,0.07570653,Low Risk
4629,Female,0,No,No,13,Yes,No,No,No internet service,No internet service,No internet service,No internet service,No internet service,No internet service,Month-to-month,Yes,Mailed check,19.3,279.3,13-24,Low,1,0,0,0,0,0,0,0,1,0,0.07552366,Low Risk
5572,Male,0,Yes,No,70,Yes,Yes,DSL,Yes,No,Yes,Yes,No,Yes,Two year,Yes,Credit card (automatic),74.8,5315.8,49-72,High,1,1,1,0,1,1,0,1,6,0,0.075386204,Low Risk
4923,Female,0,No,No,52,Yes,No,DSL,Yes,No,No,No,No,No,Month-to-month,Yes,Bank transfer (automatic),49.75,2535.55,49-72,Medium,1,0,1,0,0,0,0,0,2,0,0.07440413,Low Risk
5067,Female,0,Yes,Yes,30,Yes,No,DSL,Yes,No,No,Yes,No,Yes,Month-to-month,No,Bank transfer (automatic),66.3,1923.5,25-48,High,1,0,1,0,0,1,0,1,4,0,0.07434258,Low Risk
4667,Female,0,Yes,No,20,Yes,No,No,No internet service,No internet service,No internet service,No internet service,No internet service,No internet service,Month-to-month,No,Bank transfer (automatic),19.25,375.25,13-24,Low,1,0,0,0,0,0,0,0,1,0,0.07419581,Low Risk
6160,Female,0,No,No,36,Yes,Yes,DSL,Yes,No,Yes,Yes,Yes,Yes,One year,Yes,Credit card (automatic),89.65,3348.1,25-48,High,1,1,1,0,1,1,1,1,7,0,0.07416123,Low Risk
2227,Male,0,Yes,Yes,58,Yes,No,No,No internet service,No internet service,No internet service,No internet service,No internet service,No internet service,One year,Yes,Electronic check,19.55,1108.8,49-72,Low,1,0,0,0,0,0,0,0,1,0,0.073841356,Low Risk
1117,Male,0,No,No,52,Yes,Yes,Fiber optic,No,No,Yes,No,No,Yes,Two year,Yes,Credit card (automatic),89.45,4577.75,49-72,High,1,1,0,0,1,0,0,1,4,0,0.07376285,Low Risk
6416,Male,0,No,No,67,No,No phone service,DSL,Yes,No,No,Yes,Yes,No,Two year,No,Electronic check,43.9,3097.2,49-72,Medium,0,0,1,0,0,1,1,0,3,0,0.07274827,Low Risk
958,Male,0,No,No,25,Yes,Yes,DSL,Yes,Yes,Yes,Yes,No,Yes,Month-to-month,No,Bank transfer (automatic),81.75,2028.8,25-48,High,1,1,1,1,1,1,0,1,7,0,0.07269091,Low Risk
175,Female,0,Yes,No,34,Yes,Yes,No,No internet service,No internet service,No internet service,No internet service,No internet service,No internet service,Month-to-month,No,Electronic check,24.7,780.2,25-48,Low,1,1,0,0,0,0,0,0,2,0,0.07257711,Low Risk
657,Male,0,Yes,No,45,Yes,No,DSL,Yes,Yes,Yes,No,Yes,Yes,One year,No,Bank transfer (automatic),78.8,3597.5,25-48,High,1,0,1,1,1,0,1,1,6,0,0.07249323,Low Risk
5773,Female,0,No,No,35,Yes,No,DSL,Yes,Yes,Yes,No,No,No,Month-to-month,No,Electronic check,60.55,1982.6,25-48,High,1,0,1,1,1,0,0,0,4,0,0.072289184,Low Risk
4877,Female,0,No,No,30,Yes,No,DSL,Yes,Yes,Yes,Yes,Yes,No,One year,No,Credit card (automatic),74.65,2308.6,25-48,High,1,0,1,1,1,1,1,0,6,0,0.072282866,Low Risk
2440,Male,0,Yes,Yes,32,Yes,No,No,No internet service,No internet service,No internet service,No internet service,No internet service,No internet service,Month-to-month,Yes,Credit card (automatic),19.45,674.55,25-48,Low,1,0,0,0,0,0,0,0,1,0,0.07074868,Low Risk
4871,Male,0,Yes,Yes,58,Yes,No,DSL,No,Yes,No,Yes,Yes,Yes,One year,Yes,Credit card (automatic),75.2,4300.8,49-72,High,1,0,0,1,0,1,1,1,5,0,0.070522875,Low Risk
4148,Female,0,No,No,29,Yes,No,No,No internet service,No internet service,No internet service,No internet service,No internet service,No internet service,Month-to-month,No,Credit card (automatic),19.35,601.6,25-48,Low,1,0,0,0,0,0,0,0,1,0,0.07025897,Low Risk
5551,Male,0,No,No,20,Yes,No,No,No internet service,No internet service,No internet service,No internet service,No internet service,No internet service,Month-to-month,Yes,Credit card (automatic),19.6,356.15,13-24,Low,1,0,0,0,0,0,0,0,1,0,0.06974993,Low Risk
342,Female,0,Yes,Yes,66,Yes,Yes,DSL,Yes,Yes,Yes,No,No,No,Month-to-month,Yes,Bank transfer (automatic),67.45,4508.65,49-72,High,1,1,1,1,1,0,0,0,5,0,0.06928886,Low Risk
2967,Male,0,Yes,No,59,Yes,Yes,Fiber optic,Yes,Yes,Yes,Yes,Yes,Yes,Two year,No,Electronic check,113.75,6561.25,49-72,Very High,1,1,1,1,1,1,1,1,8,0,0.06908612,Low Risk
6779,Male,0,No,Yes,29,No,No phone service,DSL,Yes,Yes,Yes,Yes,No,No,Month-to-month,Yes,Mailed check,45.0,1242.45,25-48,Medium,0,0,1,1,1,1,0,0,4,0,0.06898719,Low Risk
796,Male,0,No,No,31,Yes,Yes,Fiber optic,No,No,No,Yes,No,No,One year,No,Credit card (automatic),81.7,2548.65,25-48,High,1,1,0,0,0,1,0,0,3,0,0.0688319,Low Risk
6457,Male,0,Yes,Yes,17,No,No phone service,DSL,Yes,No,Yes,No,Yes,No,One year,No,Credit card (automatic),44.45,792.15,13-24,Medium,0,0,1,0,1,0,1,0,3,0,0.06879713,Low Risk
4710,Female,0,Yes,Yes,6,No,No phone service,DSL,No,Yes,Yes,Yes,No,No,Two year,No,Mailed check,40.55,217.5,0-12,Medium,0,0,0,1,1,1,0,0,3,0,0.06875599,Low Risk
2704,Female,0,Yes,Yes,53,Yes,No,DSL,No,No,Yes,No,No,Yes,One year,No,Credit card (automatic),60.6,3297.0,49-72,High,1,0,0,0,1,0,0,1,3,0,0.06858709,Low Risk
4750,Male,0,No,No,9,No,No phone service,DSL,Yes,Yes,Yes,No,No,No,One year,No,Mailed check,39.55,373.0,0-12,Medium,0,0,1,1,1,0,0,0,3,0,0.06818833,Low Risk
6763,Male,1,Yes,Yes,71,Yes,Yes,DSL,No,Yes,Yes,Yes,No,Yes,One year,Yes,Bank transfer (automatic),72.9,5139.65,49-72,High,1,1,0,1,1,1,0,1,6,0,0.06793654,Low Risk
4379,Female,0,Yes,No,68,Yes,Yes,Fiber optic,No,No,Yes,No,Yes,No,Two year,Yes,Bank transfer (automatic),89.95,5974.3,49-72,High,1,1,0,0,1,0,1,0,4,0,0.067891955,Low Risk
3803,Male,0,Yes,No,61,Yes,Yes,Fiber optic,No,Yes,No,Yes,Yes,No,Two year,Yes,Electronic check,94.1,5638.3,49-72,Very High,1,1,0,1,0,1,1,0,5,1,0.06769751,Low Risk
519,Male,0,No,No,12,Yes,No,No,No internet service,No internet service,No internet service,No internet service,No internet service,No internet service,Month-to-month,No,Credit card (automatic),20.05,265.45,0-12,Low,1,0,0,0,0,0,0,0,1,0,0.06768761,Low Risk
4210,Female,1,Yes,Yes,61,Yes,Yes,DSL,No,No,Yes,No,Yes,No,One year,Yes,Electronic check,65.2,3965.05,49-72,High,1,1,0,0,1,0,1,0,4,0,0.06735028,Low Risk
5462,Male,0,Yes,No,64,Yes,Yes,DSL,No,Yes,No,Yes,No,Yes,One year,Yes,Mailed check,70.15,4480.7,49-72,High,1,1,0,1,0,1,0,1,5,0,0.06686173,Low Risk
1062,Female,0,Yes,No,34,Yes,No,DSL,No,No,No,Yes,No,No,Month-to-month,No,Bank transfer (automatic),50.2,1815.3,25-48,Medium,1,0,0,0,0,1,0,0,2,0,0.066574045,Low Risk
1448,Male,0,No,No,23,Yes,No,No,No internet service,No internet service,No internet service,No internet service,No internet service,No internet service,Month-to-month,No,Electronic check,20.85,473.9,13-24,Low,1,0,0,0,0,0,0,0,1,0,0.06648437,Low Risk
6104,Female,0,No,No,4,Yes,Yes,No,No internet service,No internet service,No internet service,No internet service,No internet service,No internet service,One year,No,Electronic check,23.9,97.5,0-12,Low,1,1,0,0,0,0,0,0,2,0,0.066368595,Low Risk
4018,Female,0,Yes,Yes,7,Yes,No,DSL,Yes,Yes,Yes,No,Yes,No,One year,No,Electronic check,69.45,477.05,0-12,High,1,0,1,1,1,0,1,0,5,0,0.066324316,Low Risk
1760,Male,0,Yes,Yes,50,Yes,Yes,DSL,No,No,Yes,No,No,No,One year,No,Bank transfer (automatic),54.9,2614.1,49-72,Medium,1,1,0,0,1,0,0,0,3,0,0.066320926,Low Risk
3514,Male,0,Yes,Yes,60,Yes,Yes,Fiber optic,Yes,No,Yes,Yes,Yes,Yes,Two year,Yes,Electronic check,110.6,6586.85,49-72,Very High,1,1,1,0,1,1,1,1,7,0,0.065934755,Low Risk
966,Male,0,No,No,7,Yes,No,No,No internet service,No internet service,No internet service,No internet service,No internet service,No internet service,Month-to-month,No,Electronic check,19.25,112.3,0-12,Low,1,0,0,0,0,0,0,0,1,1,0.06582722,Low Risk
2034,Male,0,Yes,Yes,41,Yes,No,DSL,Yes,Yes,Yes,No,No,No,One year,Yes,Bank transfer (automatic),60.3,2511.3,25-48,High,1,0,1,1,1,0,0,0,4,0,0.06563333,Low Risk
5122,Female,0,Yes,Yes,27,Yes,No,DSL,No,Yes,No,No,No,No,Month-to-month,No,Mailed check,49.85,1336.15,25-48,Medium,1,0,0,1,0,0,0,0,2,0,0.06538771,Low Risk
618,Female,0,No,No,57,Yes,Yes,Fiber optic,Yes,Yes,No,Yes,No,No,Month-to-month,Yes,Bank transfer (automatic),87.55,4884.85,49-72,High,1,1,1,1,0,1,0,0,5,0,0.064954504,Low Risk
527,Male,0,Yes,Yes,58,Yes,Yes,Fiber optic,No,Yes,No,Yes,Yes,No,One year,Yes,Credit card (automatic),94.7,5430.35,49-72,Very High,1,1,0,1,0,1,1,0,5,0,0.06459572,Low Risk
5406,Male,0,Yes,Yes,71,Yes,Yes,Fiber optic,Yes,No,No,No,Yes,Yes,Two year,Yes,Electronic check,97.2,6910.3,49-72,Very High,1,1,1,0,0,0,1,1,5,0,0.063976854,Low Risk
2015,Female,0,Yes,Yes,28,Yes,Yes,DSL,No,No,No,No,No,No,Month-to-month,No,Mailed check,49.9,1410.25,25-48,Medium,1,1,0,0,0,0,0,0,2,0,0.06380077,Low Risk
5465,Female,0,No,No,26,Yes,No,DSL,No,Yes,Yes,No,No,No,One year,Yes,Mailed check,56.05,1553.2,25-48,Medium,1,0,0,1,1,0,0,0,3,0,0.06310488,Low Risk
2088,Female,0,No,No,36,Yes,Yes,DSL,No,No,Yes,No,No,No,One year,No,Electronic check,55.8,1941.5,25-48,Medium,1,1,0,0,1,0,0,0,3,0,0.062191237,Low Risk
3799,Female,0,No,No,31,Yes,Yes,DSL,Yes,No,Yes,Yes,No,No,Month-to-month,No,Credit card (automatic),65.25,1994.3,25-48,High,1,1,1,0,1,1,0,0,5,1,0.06191533,Low Risk
2508,Female,0,No,No,64,Yes,Yes,Fiber optic,No,Yes,Yes,Yes,Yes,Yes,Two year,Yes,Credit card (automatic),110.5,7069.25,49-72,Very High,1,1,0,1,1,1,1,1,7,0,0.06152601,Low Risk
3359,Male,0,No,No,21,Yes,No,No,No internet service,No internet service,No internet service,No internet service,No internet service,No internet service,Month-to-month,Yes,Mailed check,19.95,416.4,13-24,Low,1,0,0,0,0,0,0,0,1,0,0.061413087,Low Risk
2143,Male,1,Yes,No,30,Yes,Yes,DSL,No,No,Yes,No,Yes,Yes,Two year,No,Electronic check,74.85,2181.75,25-48,High,1,1,0,0,1,0,1,1,5,0,0.061356172,Low Risk
621,Female,0,No,No,62,Yes,Yes,Fiber optic,Yes,Yes,Yes,No,No,No,One year,Yes,Electronic check,92.05,5755.8,49-72,Very High,1,1,1,1,1,0,0,0,5,0,0.0612505,Low Risk
2308,Male,0,Yes,Yes,71,Yes,No,Fiber optic,Yes,Yes,Yes,No,Yes,Yes,One year,Yes,Bank transfer (automatic),104.65,7288.4,49-72,Very High,1,0,1,1,1,0,1,1,6,0,0.060250495,Low Risk
3371,Female,0,Yes,Yes,11,Yes,No,No,No internet service,No internet service,No internet service,No internet service,No internet service,No internet service,Month-to-month,Yes,Mailed check,19.25,180.3,0-12,Low,1,0,0,0,0,0,0,0,1,1,0.06019771,Low Risk
2755,Male,0,Yes,No,46,Yes,No,No,No internet service,No internet service,No internet service,No internet service,No internet service,No internet service,Month-to-month,No,Electronic check,19.6,851.2,25-48,Low,1,0,0,0,0,0,0,0,1,0,0.060042337,Low Risk
5587,Female,1,No,No,46,Yes,No,Fiber optic,No,Yes,Yes,No,Yes,No,One year,Yes,Bank transfer (automatic),91.3,4126.35,25-48,Very High,1,0,0,1,1,0,1,0,4,0,0.05990838,Low Risk
4430,Female,0,Yes,Yes,32,Yes,No,DSL,Yes,Yes,No,Yes,No,No,Month-to-month,No,Bank transfer (automatic),61.4,1864.65,25-48,High,1,0,1,1,0,1,0,0,4,0,0.05983082,Low Risk
1706,Male,0,No,No,69,Yes,Yes,Fiber optic,No,Yes,Yes,Yes,Yes,No,Two year,Yes,Credit card (automatic),97.65,6743.55,49-72,Very High,1,1,0,1,1,1,1,0,6,0,0.059637915,Low Risk
1343,Male,0,Yes,Yes,64,Yes,No,DSL,Yes,No,Yes,No,Yes,Yes,One year,Yes,Credit card (automatic),73.05,4688.65,49-72,High,1,0,1,0,1,0,1,1,5,0,0.058985446,Low Risk
3736,Female,0,No,No,8,Yes,No,No,No internet service,No internet service,No internet service,No internet service,No internet service,No internet service,One year,Yes,Bank transfer (automatic),20.2,140.95,0-12,Low,1,0,0,0,0,0,0,0,1,0,0.05839809,Low Risk
1044,Female,0,No,No,8,Yes,No,DSL,Yes,No,No,Yes,No,No,One year,No,Bank transfer (automatic),54.25,447.75,0-12,Medium,1,0,1,0,0,1,0,0,3,0,0.05833752,Low Risk
2142,Female,0,No,Yes,21,Yes,No,DSL,Yes,No,Yes,No,No,Yes,One year,No,Mailed check,64.85,1336.8,13-24,High,1,0,1,0,1,0,0,1,4,0,0.05830374,Low Risk
6945,Male,0,Yes,Yes,70,Yes,Yes,Fiber optic,No,Yes,No,No,Yes,Yes,Two year,No,Bank transfer (automatic),98.3,6859.5,49-72,Very High,1,1,0,1,0,0,1,1,5,1,0.05808818,Low Risk
6523,Female,0,No,No,15,No,No phone service,DSL,Yes,Yes,Yes,Yes,No,No,One year,No,Mailed check,45.9,693.45,13-24,Medium,0,0,1,1,1,1,0,0,4,0,0.057504997,Low Risk
2820,Male,0,No,No,53,Yes,Yes,No,No internet service,No internet service,No internet service,No internet service,No internet service,No internet service,One year,No,Bank transfer (automatic),24.05,1301.9,49-72,Low,1,1,0,0,0,0,0,0,2,0,0.05743829,Low Risk
6478,Female,0,Yes,No,60,Yes,Yes,Fiber optic,No,Yes,Yes,Yes,Yes,Yes,Two year,Yes,Credit card (automatic),110.8,6640.7,49-72,Very High,1,1,0,1,1,1,1,1,7,0,0.057011057,Low Risk
3656,Male,1,Yes,No,49,Yes,No,DSL,No,Yes,No,No,No,No,Two year,No,Mailed check,49.8,2398.4,49-72,Medium,1,0,0,1,0,0,0,0,2,0,0.056278232,Low Risk
3024,Male,0,No,Yes,9,Yes,No,No,No internet service,No internet service,No internet service,No internet service,No internet service,No internet service,Month-to-month,No,Mailed check,20.4,184.1,0-12,Low,1,0,0,0,0,0,0,0,1,0,0.05595808,Low Risk
5143,Female,0,Yes,Yes,49,Yes,No,DSL,Yes,Yes,Yes,Yes,Yes,Yes,One year,Yes,Mailed check,87.2,4345.0,49-72,High,1,0,1,1,1,1,1,1,7,0,0.05568279,Low Risk
2926,Female,0,Yes,No,69,Yes,Yes,Fiber optic,Yes,Yes,Yes,Yes,Yes,Yes,Two year,Yes,Electronic check,116.0,8182.85,49-72,Very High,1,1,1,1,1,1,1,1,8,0,0.05546697,Low Risk
3604,Male,0,Yes,Yes,38,Yes,No,No,No internet service,No internet service,No internet service,No internet service,No internet service,No internet service,Month-to-month,No,Electronic check,19.6,717.3,25-48,Low,1,0,0,0,0,0,0,0,1,0,0.055200603,Low Risk
5507,Female,0,No,No,28,Yes,No,DSL,Yes,Yes,No,Yes,No,No,One year,Yes,Electronic check,59.9,1654.7,25-48,Medium,1,0,1,1,0,1,0,0,4,0,0.055027056,Low Risk
3744,Male,0,No,No,26,Yes,No,Fiber optic,No,Yes,No,No,No,No,One year,No,Bank transfer (automatic),75.5,2018.1,25-48,High,1,0,0,1,0,0,0,0,2,0,0.055014867,Low Risk
4508,Female,0,Yes,Yes,22,Yes,No,No,No internet service,No internet service,No internet service,No internet service,No internet service,No internet service,Month-to-month,No,Mailed check,19.9,400.3,13-24,Low,1,0,0,0,0,0,0,0,1,0,0.05431544,Low Risk
2373,Female,0,Yes,Yes,66,Yes,No,DSL,No,No,No,Yes,No,No,One year,Yes,Credit card (automatic),49.4,3251.85,49-72,Medium,1,0,0,0,0,1,0,0,2,0,0.053674795,Low Risk
5560,Male,0,Yes,No,61,Yes,No,Fiber optic,No,Yes,Yes,Yes,No,Yes,Month-to-month,No,Credit card (automatic),94.15,5731.85,49-72,Very High,1,0,0,1,1,1,0,1,5,0,0.05340915,Low Risk
1468,Male,0,No,No,62,Yes,Yes,Fiber optic,Yes,Yes,No,No,No,Yes,One year,Yes,Bank transfer (automatic),92.3,5731.45,49-72,Very High,1,1,1,1,0,0,0,1,5,0,0.053316884,Low Risk
2341,Female,0,Yes,No,68,Yes,Yes,Fiber optic,Yes,Yes,Yes,Yes,Yes,Yes,Two year,No,Bank transfer (automatic),114.9,7843.55,49-72,Very High,1,1,1,1,1,1,1,1,8,0,0.053259272,Low Risk
5520,Female,0,No,No,55,Yes,Yes,Fiber optic,Yes,No,Yes,No,No,No,One year,Yes,Credit card (automatic),84.25,4589.85,49-72,High,1,1,1,0,1,0,0,0,4,0,0.05268574,Low Risk
4932,Male,0,Yes,Yes,27,Yes,No,Fiber optic,Yes,Yes,No,No,No,No,One year,Yes,Credit card (automatic),80.65,2209.75,25-48,High,1,0,1,1,0,0,0,0,3,0,0.05263961,Low Risk
1036,Male,0,Yes,Yes,68,Yes,Yes,Fiber optic,Yes,Yes,Yes,Yes,Yes,Yes,Two year,Yes,Bank transfer (automatic),114.7,7849.85,49-72,Very High,1,1,1,1,1,1,1,1,8,0,0.05245469,Low Risk
1584,Female,1,No,No,65,No,No phone service,DSL,No,Yes,Yes,No,Yes,Yes,Two year,Yes,Bank transfer (automatic),53.5,3517.9,49-72,Medium,0,0,0,1,1,0,1,1,4,0,0.051878586,Low Risk
5614,Male,0,Yes,Yes,68,Yes,Yes,Fiber optic,Yes,Yes,No,No,No,No,One year,Yes,Bank transfer (automatic),85.5,5696.6,49-72,High,1,1,1,1,0,0,0,0,4,0,0.051034175,Low Risk
3988,Male,0,No,No,51,Yes,Yes,DSL,Yes,Yes,Yes,Yes,Yes,No,One year,Yes,Credit card (automatic),81.15,4126.2,49-72,High,1,1,1,1,1,1,1,0,7,0,0.0505589,Low Risk
5681,Female,1,Yes,No,34,Yes,No,DSL,No,No,Yes,Yes,Yes,No,One year,No,Bank transfer (automatic),64.2,2106.3,25-48,High,1,0,0,0,1,1,1,0,4,0,0.050536614,Low Risk
170,Male,0,Yes,No,43,Yes,No,Fiber optic,Yes,No,Yes,Yes,No,No,One year,Yes,Bank transfer (automatic),84.25,3539.25,25-48,High,1,0,1,0,1,1,0,0,4,0,0.050168365,Low Risk
1738,Female,0,Yes,No,66,Yes,Yes,Fiber optic,No,Yes,Yes,Yes,No,No,One year,Yes,Bank transfer (automatic),90.55,6130.95,49-72,Very High,1,1,0,1,1,1,0,0,5,0,0.049590863,Low Risk
6577,Male,0,Yes,No,70,Yes,Yes,DSL,No,Yes,Yes,Yes,Yes,No,Two year,No,Bank transfer (automatic),72.95,5265.55,49-72,High,1,1,0,1,1,1,1,0,6,0,0.04941268,Low Risk
4160,Male,0,No,No,26,Yes,No,DSL,Yes,No,No,Yes,Yes,Yes,One year,No,Bank transfer (automatic),75.0,1908.35,25-48,High,1,0,1,0,0,1,1,1,5,0,0.049343027,Low Risk
4765,Male,0,No,No,37,No,No phone service,DSL,No,No,No,No,Yes,No,Two year,No,Credit card (automatic),35.8,1316.9,25-48,Medium,0,0,0,0,0,0,1,0,1,0,0.048939932,Low Risk
2499,Male,0,No,Yes,41,Yes,No,DSL,Yes,Yes,Yes,No,Yes,No,One year,No,Mailed check,70.2,2894.55,25-48,High,1,0,1,1,1,0,1,0,5,0,0.048314657,Low Risk
6429,Male,0,Yes,Yes,67,Yes,Yes,DSL,Yes,Yes,Yes,Yes,No,No,One year,Yes,Credit card (automatic),69.35,4653.25,49-72,High,1,1,1,1,1,1,0,0,6,0,0.047779456,Low Risk
5356,Female,0,Yes,No,26,No,No phone service,DSL,Yes,No,Yes,No,No,No,One year,No,Credit card (automatic),35.4,978.6,25-48,Medium,0,0,1,0,1,0,0,0,2,0,0.04768941,Low Risk
552,Male,0,Yes,Yes,55,Yes,No,No,No internet service,No internet service,No internet service,No internet service,No internet service,No internet service,Two year,No,Bank transfer (automatic),19.35,1153.25,49-72,Low,1,0,0,0,0,0,0,0,1,0,0.046841115,Low Risk
5694,Female,0,Yes,No,33,Yes,No,DSL,No,No,No,Yes,No,No,One year,Yes,Mailed check,51.45,1758.9,25-48,Medium,1,0,0,0,0,1,0,0,2,0,0.0468153,Low Risk
4674,Male,0,Yes,Yes,26,Yes,No,DSL,No,No,Yes,No,No,No,One year,No,Mailed check,50.35,1285.8,25-48,Medium,1,0,0,0,1,0,0,0,2,0,0.04676854,Low Risk
3394,Male,0,No,No,26,Yes,Yes,DSL,Yes,Yes,No,No,No,No,One year,No,Electronic check,61.55,1581.95,25-48,High,1,1,1,1,0,0,0,0,4,0,0.04673339,Low Risk
5369,Female,0,No,No,34,Yes,No,No,No internet service,No internet service,No internet service,No internet service,No internet service,No internet service,Month-to-month,No,Mailed check,20.35,673.2,25-48,Low,1,0,0,0,0,0,0,0,1,0,0.046726752,Low Risk
1718,Female,0,No,No,17,Yes,No,No,No internet service,No internet service,No internet service,No internet service,No internet service,No internet service,One year,No,Bank transfer (automatic),19.9,323.15,13-24,Low,1,0,0,0,0,0,0,0,1,0,0.046550546,Low Risk
2664,Male,0,Yes,Yes,62,Yes,Yes,Fiber optic,Yes,Yes,No,No,Yes,No,One year,Yes,Credit card (automatic),94.95,5791.85,49-72,Very High,1,1,1,1,0,0,1,0,5,0,0.046047285,Low Risk
6720,Male,0,Yes,Yes,70,Yes,Yes,DSL,No,Yes,Yes,Yes,Yes,Yes,Two year,Yes,Electronic check,84.1,5979.7,49-72,High,1,1,0,1,1,1,1,1,7,0,0.04576913,Low Risk
4300,Female,0,No,No,24,Yes,Yes,No,No internet service,No internet service,No internet service,No internet service,No internet service,No internet service,One year,No,Bank transfer (automatic),24.6,605.25,13-24,Low,1,1,0,0,0,0,0,0,2,0,0.045341507,Low Risk
3723,Female,0,Yes,Yes,18,Yes,No,No,No internet service,No internet service,No internet service,No internet service,No internet service,No internet service,Month-to-month,No,Mailed check,20.45,357.0,13-24,Low,1,0,0,0,0,0,0,0,1,0,0.045140393,Low Risk
1554,Male,0,No,No,26,Yes,No,No,No internet service,No internet service,No internet service,No internet service,No internet service,No internet service,Month-to-month,No,Mailed check,20.9,518.3,25-48,Low,1,0,0,0,0,0,0,0,1,0,0.044784524,Low Risk
3693,Female,0,No,No,37,Yes,Yes,DSL,Yes,No,No,No,Yes,No,One year,No,Bank transfer (automatic),64.65,2347.85,25-48,High,1,1,1,0,0,0,1,0,4,0,0.04460423,Low Risk
2993,Male,0,Yes,Yes,1,Yes,No,No,No internet service,No internet service,No internet service,No internet service,No internet service,No internet service,One year,No,Mailed check,20.4,20.4,0-12,Low,1,0,0,0,0,0,0,0,1,0,0.04458744,Low Risk
3508,Female,0,No,No,70,Yes,Yes,Fiber optic,Yes,Yes,Yes,Yes,Yes,Yes,Two year,Yes,Bank transfer (automatic),113.65,7939.25,49-72,Very High,1,1,1,1,1,1,1,1,8,0,0.044226415,Low Risk
6426,Female,0,No,No,41,Yes,No,DSL,No,No,No,Yes,No,No,One year,No,Bank transfer (automatic),50.05,2029.05,25-48,Medium,1,0,0,0,0,1,0,0,2,0,0.044136215,Low Risk
1123,Male,0,Yes,Yes,25,Yes,No,DSL,Yes,Yes,Yes,No,No,No,One year,Yes,Bank transfer (automatic),61.6,1611.0,25-48,High,1,0,1,1,1,0,0,0,4,0,0.043996803,Low Risk
2894,Female,0,No,No,48,Yes,No,DSL,Yes,No,Yes,Yes,No,No,One year,Yes,Credit card (automatic),60.35,2896.4,25-48,High,1,0,1,0,1,1,0,0,4,1,0.043801267,Low Risk
3182,Female,0,Yes,No,45,Yes,No,Fiber optic,No,No,No,Yes,Yes,Yes,Two year,Yes,Credit card (automatic),95.2,4285.8,25-48,Very High,1,0,0,0,0,1,1,1,4,0,0.043631867,Low Risk
4512,Female,1,No,No,70,Yes,Yes,DSL,No,Yes,Yes,Yes,Yes,No,Two year,Yes,Bank transfer (automatic),75.5,5212.65,49-72,High,1,1,0,1,1,1,1,0,6,0,0.0432735,Low Risk
6985,Male,0,Yes,Yes,37,No,No phone service,DSL,Yes,No,Yes,Yes,No,No,One year,Yes,Electronic check,40.2,1525.35,25-48,Medium,0,0,1,0,1,1,0,0,3,0,0.04227426,Low Risk
5601,Female,0,Yes,Yes,35,No,No phone service,DSL,No,No,No,Yes,Yes,No,One year,No,Mailed check,40.9,1383.6,25-48,Medium,0,0,0,0,0,1,1,0,2,0,0.042185254,Low Risk
4570,Male,0,No,No,7,Yes,No,No,No internet service,No internet service,No internet service,No internet service,No internet service,No internet service,Month-to-month,Yes,Mailed check,18.95,130.55,0-12,Low,1,0,0,0,0,0,0,0,1,0,0.04164893,Low Risk
700,Male,0,Yes,Yes,66,Yes,Yes,DSL,No,No,Yes,No,Yes,No,Two year,Yes,Bank transfer (automatic),63.3,4189.7,49-72,High,1,1,0,0,1,0,1,0,4,0,0.041474678,Low Risk
3392,Female,0,Yes,Yes,58,Yes,No,DSL,No,No,No,No,No,No,One year,Yes,Mailed check,44.1,2413.05,49-72,Medium,1,0,0,0,0,0,0,0,1,0,0.041430257,Low Risk
2999,Male,0,Yes,Yes,19,Yes,No,No,No internet service,No internet service,No internet service,No internet service,No internet service,No internet service,Month-to-month,No,Mailed check,20.6,414.95,13-24,Low,1,0,0,0,0,0,0,0,1,0,0.041374628,Low Risk
1127,Female,0,Yes,Yes,23,Yes,No,DSL,Yes,Yes,Yes,Yes,No,No,One year,Yes,Mailed check,66.25,1533.8,13-24,High,1,0,1,1,1,1,0,0,5,0,0.041162297,Low Risk
1802,Male,0,Yes,Yes,7,No,No phone service,DSL,Yes,Yes,Yes,No,No,No,Two year,No,Mailed check,38.55,280.0,0-12,Medium,0,0,1,1,1,0,0,0,3,0,0.04097775,Low Risk
6022,Female,0,No,No,20,Yes,No,No,No internet service,No internet service,No internet service,No internet service,No internet service,No internet service,Month-to-month,Yes,Credit card (automatic),18.9,347.65,13-24,Low,1,0,0,0,0,0,0,0,1,0,0.040852815,Low Risk
1115,Male,0,No,No,39,Yes,Yes,DSL,No,No,No,Yes,No,No,Two year,Yes,Credit card (automatic),53.85,2200.7,25-48,Medium,1,1,0,0,0,1,0,0,3,0,0.04085095,Low Risk
4171,Male,0,No,No,9,Yes,No,No,No internet service,No internet service,No internet service,No internet service,No internet service,No internet service,Month-to-month,Yes,Mailed check,18.95,185.6,0-12,Low,1,0,0,0,0,0,0,0,1,1,0.040807344,Low Risk
3512,Male,1,No,No,51,Yes,Yes,No,No internet service,No internet service,No internet service,No internet service,No internet service,No internet service,One year,No,Bank transfer (automatic),25.0,1260.7,49-72,Low,1,1,0,0,0,0,0,0,2,0,0.040487595,Low Risk
485,Male,0,Yes,Yes,72,Yes,Yes,Fiber optic,No,No,No,No,No,Yes,Two year,Yes,Credit card (automatic),84.5,6130.85,49-72,High,1,1,0,0,0,0,0,1,3,0,0.0400028,Low Risk
7002,Female,0,Yes,No,64,Yes,Yes,Fiber optic,No,Yes,No,Yes,Yes,Yes,Two year,Yes,Bank transfer (automatic),105.4,6794.75,49-72,Very High,1,1,0,1,0,1,1,1,6,0,0.039921913,Low Risk
6827,Male,0,Yes,Yes,60,Yes,No,DSL,Yes,Yes,No,Yes,Yes,Yes,Month-to-month,Yes,Credit card (automatic),79.05,4663.4,49-72,High,1,0,1,1,0,1,1,1,6,0,0.039573934,Low Risk
6690,Male,0,Yes,No,37,Yes,Yes,Fiber optic,No,No,Yes,Yes,Yes,No,Two year,No,Mailed check,94.3,3460.95,25-48,Very High,1,1,0,0,1,1,1,0,5,0,0.039467614,Low Risk
3898,Female,0,No,No,48,Yes,Yes,No,No internet service,No internet service,No internet service,No internet service,No internet service,No internet service,One year,No,Credit card (automatic),25.05,1171.5,25-48,Low,1,1,0,0,0,0,0,0,2,0,0.039248455,Low Risk
3834,Female,0,Yes,Yes,57,Yes,No,DSL,Yes,No,No,No,Yes,Yes,One year,Yes,Bank transfer (automatic),70.1,3913.3,49-72,High,1,0,1,0,0,0,1,1,4,1,0.039237507,Low Risk
936,Female,0,Yes,Yes,0,Yes,No,DSL,Yes,Yes,Yes,No,Yes,Yes,Two year,No,Mailed check,80.85,,0-12,High,1,0,1,1,1,0,1,1,6,0,0.038796414,Low Risk
4758,Female,0,No,No,56,Yes,No,No,No internet service,No internet service,No internet service,No internet service,No internet service,No internet service,Two year,No,Bank transfer (automatic),19.7,1051.9,49-72,Low,1,0,0,0,0,0,0,0,1,0,0.038571265,Low Risk
6268,Female,0,No,No,22,Yes,No,No,No internet service,No internet service,No internet service,No internet service,No internet service,No internet service,One year,No,Bank transfer (automatic),20.85,450.65,13-24,Low,1,0,0,0,0,0,0,0,1,0,0.03831042,Low Risk
3441,Female,0,Yes,Yes,34,Yes,No,DSL,Yes,Yes,Yes,No,No,No,One year,Yes,Mailed check,60.8,2042.05,25-48,High,1,0,1,1,1,0,0,0,4,0,0.037918564,Low Risk
3767,Male,0,Yes,No,72,Yes,Yes,Fiber optic,Yes,No,Yes,Yes,Yes,Yes,Two year,Yes,Credit card (automatic),110.9,8240.85,49-72,Very High,1,1,1,0,1,1,1,1,7,0,0.037168052,Low Risk
5218,Male,0,Yes,Yes,0,Yes,No,No,No internet service,No internet service,No internet service,No internet service,No internet service,No internet service,One year,Yes,Mailed check,19.7,,0-12,Low,1,0,0,0,0,0,0,0,1,0,0.036704805,Low Risk
1162,Female,0,No,No,67,Yes,No,DSL,Yes,No,Yes,Yes,No,Yes,One year,Yes,Bank transfer (automatic),72.35,4991.5,49-72,High,1,0,1,0,1,1,0,1,5,0,0.036607258,Low Risk
4600,Male,0,Yes,Yes,56,Yes,Yes,Fiber optic,Yes,Yes,Yes,Yes,Yes,Yes,Two year,No,Mailed check,115.85,6567.9,49-72,Very High,1,1,1,1,1,1,1,1,8,0,0.036405202,Low Risk
5581,Male,0,Yes,Yes,68,Yes,Yes,Fiber optic,Yes,Yes,Yes,Yes,Yes,Yes,Two year,Yes,Electronic check,113.15,7856.0,49-72,Very High,1,1,1,1,1,1,1,1,8,1,0.036203265,Low Risk
4870,Male,0,No,Yes,48,Yes,Yes,DSL,Yes,Yes,Yes,No,No,No,One year,Yes,Bank transfer (automatic),64.4,3035.35,25-48,High,1,1,1,1,1,0,0,0,5,0,0.0358514,Low Risk
6315,Female,0,Yes,Yes,48,Yes,No,DSL,Yes,Yes,Yes,No,No,Yes,Two year,Yes,Credit card (automatic),70.1,3238.4,25-48,High,1,0,1,1,1,0,0,1,5,0,0.03567496,Low Risk
5093,Male,0,No,No,49,Yes,Yes,DSL,No,No,No,Yes,Yes,No,Two year,Yes,Bank transfer (automatic),66.15,3199.0,49-72,High,1,1,0,0,0,1,1,0,4,0,0.035432503,Low Risk
2179,Female,0,No,No,5,Yes,No,No,No internet service,No internet service,No internet service,No internet service,No internet service,No internet service,One year,No,Electronic check,19.55,99.6,0-12,Low,1,0,0,0,0,0,0,0,1,0,0.035350535,Low Risk
3711,Female,0,Yes,Yes,55,Yes,Yes,DSL,Yes,Yes,No,Yes,No,Yes,One year,Yes,Bank transfer (automatic),75.75,4264.25,49-72,High,1,1,1,1,0,1,0,1,6,0,0.03501925,Low Risk
904,Male,0,Yes,Yes,67,Yes,No,DSL,Yes,Yes,Yes,No,Yes,Yes,Two year,No,Credit card (automatic),81.35,5398.6,49-72,High,1,0,1,1,1,0,1,1,6,0,0.034997333,Low Risk
6447,Male,0,No,No,60,Yes,No,DSL,Yes,No,Yes,Yes,Yes,Yes,One year,No,Mailed check,79.0,4801.1,49-72,High,1,0,1,0,1,1,1,1,6,0,0.034988854,Low Risk
3665,Male,0,Yes,No,71,Yes,Yes,Fiber optic,Yes,Yes,Yes,No,Yes,No,Two year,Yes,Electronic check,99.0,6994.6,49-72,Very High,1,1,1,1,1,0,1,0,6,0,0.034959733,Low Risk
3812,Male,0,No,No,17,Yes,No,No,No internet service,No internet service,No internet service,No internet service,No internet service,No internet service,One year,Yes,Bank transfer (automatic),19.65,351.55,13-24,Low,1,0,0,0,0,0,0,0,1,0,0.034864165,Low Risk
5202,Male,0,Yes,Yes,59,Yes,Yes,Fiber optic,Yes,Yes,No,Yes,Yes,Yes,Two year,Yes,Mailed check,111.1,6555.2,49-72,Very High,1,1,1,1,0,1,1,1,7,0,0.034817673,Low Risk
6571,Female,0,No,No,34,Yes,No,DSL,Yes,Yes,No,No,No,No,One year,No,Mailed check,55.0,1885.15,25-48,Medium,1,0,1,1,0,0,0,0,3,0,0.034809627,Low Risk
2772,Female,0,Yes,Yes,67,Yes,Yes,DSL,Yes,Yes,No,Yes,Yes,No,Two year,No,Credit card (automatic),74.0,4868.4,49-72,High,1,1,1,1,0,1,1,0,6,0,0.03456219,Low Risk
1552,Female,0,Yes,Yes,31,Yes,Yes,DSL,No,Yes,No,Yes,Yes,Yes,Two year,No,Bank transfer (automatic),80.55,2471.6,25-48,High,1,1,0,1,0,1,1,1,6,0,0.034469787,Low Risk
6902,Female,1,Yes,No,56,Yes,Yes,DSL,Yes,Yes,Yes,Yes,No,No,One year,Yes,Credit card (automatic),68.45,4014.0,49-72,High,1,1,1,1,1,1,0,0,6,0,0.03426408,Low Risk
4743,Male,0,Yes,No,56,Yes,Yes,DSL,No,Yes,Yes,No,No,No,Two year,No,Credit card (automatic),59.5,3389.25,49-72,Medium,1,1,0,1,1,0,0,0,4,0,0.034204457,Low Risk
4855,Male,0,Yes,No,64,Yes,No,Fiber optic,Yes,Yes,No,Yes,Yes,Yes,Two year,Yes,Credit card (automatic),104.05,6605.55,49-72,Very High,1,0,1,1,0,1,1,1,6,0,0.033980474,Low Risk
1798,Male,0,No,No,35,Yes,Yes,No,No internet service,No internet service,No internet service,No internet service,No internet service,No internet service,One year,No,Bank transfer (automatic),26.2,954.9,25-48,Low,1,1,0,0,0,0,0,0,2,0,0.03387307,Low Risk
4022,Female,0,No,No,10,Yes,No,No,No internet service,No internet service,No internet service,No internet service,No internet service,No internet service,Month-to-month,No,Mailed check,18.85,163.2,0-12,Low,1,0,0,0,0,0,0,0,1,0,0.033543356,Low Risk
3036,Male,0,No,No,67,No,No phone service,DSL,Yes,No,Yes,Yes,Yes,No,One year,Yes,Bank transfer (automatic),49.35,3321.35,49-72,Medium,0,0,1,0,1,1,1,0,4,0,0.033506546,Low Risk
3934,Female,0,No,Yes,10,No,No phone service,DSL,Yes,Yes,No,Yes,No,No,One year,No,Mailed check,40.25,411.45,0-12,Medium,0,0,1,1,0,1,0,0,3,0,0.033223923,Low Risk
6331,Male,0,Yes,Yes,47,No,No phone service,DSL,Yes,No,Yes,Yes,No,No,One year,No,Electronic check,40.3,1794.8,25-48,Medium,0,0,1,0,1,1,0,0,3,0,0.033134837,Low Risk
4317,Female,0,No,Yes,3,Yes,No,No,No internet service,No internet service,No internet service,No internet service,No internet service,No internet service,One year,Yes,Credit card (automatic),20.55,57.4,0-12,Low,1,0,0,0,0,0,0,0,1,0,0.03268615,Low Risk
580,Female,0,Yes,Yes,12,Yes,No,No,No internet service,No internet service,No internet service,No internet service,No internet service,No internet service,Month-to-month,No,Mailed check,19.0,233.55,0-12,Low,1,0,0,0,0,0,0,0,1,1,0.03229412,Low Risk
1768,Female,0,No,No,63,Yes,No,DSL,No,No,Yes,No,No,Yes,One year,No,Credit card (automatic),58.55,3503.5,49-72,Medium,1,0,0,0,1,0,0,1,3,0,0.031932652,Low Risk
861,Male,0,Yes,Yes,64,Yes,Yes,Fiber optic,Yes,No,Yes,No,No,Yes,Two year,No,Bank transfer (automatic),93.4,5822.3,49-72,Very High,1,1,1,0,1,0,0,1,5,0,0.031921983,Low Risk
686,Male,0,No,No,51,Yes,Yes,No,No internet service,No internet service,No internet service,No internet service,No internet service,No internet service,One year,Yes,Bank transfer (automatic),24.6,1266.4,49-72,Low,1,1,0,0,0,0,0,0,2,0,0.03184377,Low Risk
6384,Female,0,Yes,No,10,Yes,No,No,No internet service,No internet service,No internet service,No internet service,No internet service,No internet service,One year,No,Mailed check,20.1,184.4,0-12,Low,1,0,0,0,0,0,0,0,1,0,0.031399176,Low Risk
979,Female,0,Yes,Yes,35,Yes,No,DSL,Yes,No,No,Yes,No,No,One year,Yes,Bank transfer (automatic),54.95,1916.0,25-48,Medium,1,0,1,0,0,1,0,0,3,0,0.031309407,Low Risk
2472,Male,0,Yes,No,67,Yes,Yes,DSL,Yes,Yes,Yes,Yes,No,No,Two year,No,Credit card (automatic),70.9,4677.1,49-72,High,1,1,1,1,1,1,0,0,6,0,0.030478353,Low Risk
4474,Male,0,No,No,57,No,No phone service,DSL,No,No,Yes,Yes,Yes,Yes,Two year,No,Credit card (automatic),53.35,3090.05,49-72,Medium,0,0,0,0,1,1,1,1,4,0,0.029804915,Low Risk
2333,Female,0,Yes,Yes,57,Yes,Yes,DSL,Yes,Yes,No,Yes,No,No,Month-to-month,No,Bank transfer (automatic),65.2,3687.85,49-72,High,1,1,1,1,0,1,0,0,5,0,0.02977469,Low Risk
4078,Male,0,Yes,Yes,22,Yes,No,DSL,Yes,No,Yes,Yes,Yes,No,One year,Yes,Bank transfer (automatic),67.5,1544.05,13-24,High,1,0,1,0,1,1,1,0,5,1,0.02963719,Low Risk
2244,Female,0,No,No,34,Yes,Yes,DSL,Yes,Yes,No,Yes,No,No,One year,Yes,Mailed check,64.4,2088.75,25-48,High,1,1,1,1,0,1,0,0,5,1,0.029351683,Low Risk
6053,Female,0,No,Yes,43,Yes,Yes,No,No internet service,No internet service,No internet service,No internet service,No internet service,No internet service,Two year,Yes,Electronic check,25.1,1070.15,25-48,Low,1,1,0,0,0,0,0,0,2,0,0.029319605,Low Risk
6637,Male,0,Yes,No,69,Yes,No,DSL,Yes,Yes,No,No,No,No,One year,Yes,Credit card (automatic),53.65,3804.4,49-72,Medium,1,0,1,1,0,0,0,0,3,0,0.029272106,Low Risk
6680,Female,0,No,Yes,48,Yes,No,Fiber optic,No,Yes,Yes,Yes,Yes,No,Two year,Yes,Mailed check,95.5,4627.85,25-48,Very High,1,0,0,1,1,1,1,0,5,1,0.029171688,Low Risk
2949,Female,0,No,No,56,Yes,No,DSL,Yes,No,Yes,Yes,No,No,One year,Yes,Credit card (automatic),60.25,3282.75,49-72,High,1,0,1,0,1,1,0,0,4,0,0.02903442,Low Risk
2234,Male,0,Yes,Yes,23,Yes,Yes,DSL,No,Yes,No,Yes,No,No,Two year,No,Mailed check,59.7,1414.2,13-24,Medium,1,1,0,1,0,1,0,0,4,0,0.028961608,Low Risk
2490,Male,0,No,Yes,39,Yes,Yes,Fiber optic,No,No,No,Yes,Yes,Yes,Two year,No,Mailed check,100.55,3895.35,25-48,Very High,1,1,0,0,0,1,1,1,5,0,0.028921371,Low Risk
5412,Male,1,Yes,No,61,Yes,Yes,Fiber optic,No,Yes,No,Yes,No,No,One year,Yes,Bank transfer (automatic),85.55,5251.75,49-72,High,1,1,0,1,0,1,0,0,4,0,0.02884119,Low Risk
6159,Female,0,No,Yes,2,Yes,No,No,No internet service,No internet service,No internet service,No internet service,No internet service,No internet service,One year,No,Bank transfer (automatic),20.5,38.25,0-12,Low,1,0,0,0,0,0,0,0,1,0,0.028686563,Low Risk
3401,Female,0,No,No,56,Yes,No,No,No internet service,No internet service,No internet service,No internet service,No internet service,No internet service,Two year,Yes,Bank transfer (automatic),19.55,1080.55,49-72,Low,1,0,0,0,0,0,0,0,1,0,0.02844291,Low Risk
2505,Female,0,Yes,Yes,34,Yes,No,No,No internet service,No internet service,No internet service,No internet service,No internet service,No internet service,One year,Yes,Bank transfer (automatic),20.1,682.1,25-48,Low,1,0,0,0,0,0,0,0,1,0,0.028346116,Low Risk
5268,Male,0,Yes,Yes,69,Yes,Yes,DSL,Yes,No,Yes,Yes,Yes,Yes,Two year,No,Bank transfer (automatic),86.9,6194.1,49-72,High,1,1,1,0,1,1,1,1,7,0,0.028306842,Low Risk
3201,Female,0,No,No,50,Yes,Yes,DSL,No,Yes,No,Yes,Yes,Yes,Two year,Yes,Mailed check,79.6,4024.2,49-72,High,1,1,0,1,0,1,1,1,6,0,0.027909085,Low Risk
2021,Male,0,Yes,Yes,62,Yes,No,Fiber optic,Yes,Yes,Yes,Yes,Yes,Yes,Two year,No,Mailed check,108.15,6825.65,49-72,Very High,1,0,1,1,1,1,1,1,7,0,0.027785722,Low Risk
1750,Female,0,No,No,50,Yes,No,Fiber optic,No,No,Yes,Yes,No,Yes,Two year,Yes,Bank transfer (automatic),89.7,4304.5,49-72,High,1,0,0,0,1,1,0,1,4,0,0.027777113,Low Risk
5819,Female,0,Yes,Yes,70,Yes,Yes,Fiber optic,Yes,Yes,Yes,Yes,Yes,Yes,Two year,Yes,Credit card (automatic),115.15,8250.0,49-72,Very High,1,1,1,1,1,1,1,1,8,0,0.027567565,Low Risk
1153,Female,0,Yes,No,52,Yes,No,DSL,Yes,No,Yes,No,Yes,No,One year,Yes,Mailed check,64.3,3410.6,49-72,High,1,0,1,0,1,0,1,0,4,0,0.02722308,Low Risk
6436,Female,0,No,No,70,Yes,No,DSL,Yes,No,Yes,Yes,Yes,Yes,Two year,No,Bank transfer (automatic),79.6,5589.45,49-72,High,1,0,1,0,1,1,1,1,6,0,0.027210608,Low Risk
4770,Female,0,Yes,Yes,6,Yes,No,No,No internet service,No internet service,No internet service,No internet service,No internet service,No internet service,One year,No,Mailed check,19.7,94.45,0-12,Low,1,0,0,0,0,0,0,0,1,0,0.027200771,Low Risk
805,Female,0,Yes,Yes,72,Yes,Yes,DSL,No,No,Yes,No,Yes,Yes,Two year,Yes,Bank transfer (automatic),76.8,5468.45,49-72,High,1,1,0,0,1,0,1,1,5,0,0.027090522,Low Risk
337,Female,0,No,No,68,Yes,Yes,DSL,Yes,Yes,Yes,Yes,Yes,Yes,Two year,Yes,Electronic check,88.15,6148.45,49-72,High,1,1,1,1,1,1,1,1,8,0,0.026798075,Low Risk
4100,Male,0,Yes,No,50,Yes,No,No,No internet service,No internet service,No internet service,No internet service,No internet service,No internet service,Two year,No,Electronic check,19.8,1013.2,49-72,Low,1,0,0,0,0,0,0,0,1,0,0.026736977,Low Risk
2672,Male,0,No,No,27,Yes,No,No,No internet service,No internet service,No internet service,No internet service,No internet service,No internet service,One year,No,Bank transfer (automatic),20.1,562.6,25-48,Low,1,0,0,0,0,0,0,0,1,0,0.026649693,Low Risk
4781,Male,0,No,No,53,Yes,No,No,No internet service,No internet service,No internet service,No internet service,No internet service,No internet service,Two year,No,Credit card (automatic),19.5,1050.5,49-72,Low,1,0,0,0,0,0,0,0,1,0,0.026607022,Low Risk
894,Female,0,Yes,No,63,Yes,Yes,Fiber optic,No,No,No,Yes,No,No,One year,Yes,Credit card (automatic),81.2,4965.1,49-72,High,1,1,0,0,0,1,0,0,3,0,0.026524708,Low Risk
3099,Female,0,No,No,17,Yes,No,No,No internet service,No internet service,No internet service,No internet service,No internet service,No internet service,One year,No,Mailed check,20.15,353.65,13-24,Low,1,0,0,0,0,0,0,0,1,0,0.025976155,Low Risk
2064,Female,0,Yes,Yes,30,Yes,No,No,No internet service,No internet service,No internet service,No internet service,No internet service,No internet service,One year,No,Bank transfer (automatic),19.55,608.5,25-48,Low,1,0,0,0,0,0,0,0,1,0,0.025389086,Low Risk
4666,Female,0,No,No,25,Yes,No,No,No internet service,No internet service,No internet service,No internet service,No internet service,No internet service,Month-to-month,Yes,Credit card (automatic),19.2,532.1,25-48,Low,1,0,0,0,0,0,0,0,1,0,0.025256542,Low Risk
1254,Female,1,Yes,No,55,Yes,No,Fiber optic,No,No,Yes,Yes,Yes,No,Two year,No,Credit card (automatic),88.8,4805.3,49-72,High,1,0,0,0,1,1,1,0,4,0,0.025110913,Low Risk
866,Male,0,Yes,No,62,No,No phone service,DSL,No,No,No,Yes,Yes,No,Two year,Yes,Bank transfer (automatic),39.0,2337.45,49-72,Medium,0,0,0,0,0,1,1,0,2,0,0.02499052,Low Risk
4152,Male,0,Yes,No,65,Yes,Yes,DSL,Yes,No,Yes,Yes,No,Yes,Two year,No,Bank transfer (automatic),76.15,4929.55,49-72,High,1,1,1,0,1,1,0,1,6,0,0.024818664,Low Risk
2982,Male,0,Yes,Yes,52,Yes,No,No,No internet service,No internet service,No internet service,No internet service,No internet service,No internet service,One year,Yes,Credit card (automatic),20.85,1071.6,49-72,Low,1,0,0,0,0,0,0,0,1,0,0.02481259,Low Risk
1076,Female,0,Yes,Yes,58,Yes,Yes,No,No internet service,No internet service,No internet service,No internet service,No internet service,No internet service,One year,Yes,Credit card (automatic),24.5,1497.9,49-72,Low,1,1,0,0,0,0,0,0,2,0,0.024453148,Low Risk
5878,Male,0,No,No,3,Yes,No,No,No internet service,No internet service,No internet service,No internet service,No internet service,No internet service,One year,No,Mailed check,21.2,52.05,0-12,Low,1,0,0,0,0,0,0,0,1,0,0.024338659,Low Risk
4017,Female,0,No,No,28,Yes,Yes,DSL,Yes,No,Yes,No,No,No,One year,No,Mailed check,59.0,1654.45,25-48,Medium,1,1,1,0,1,0,0,0,4,0,0.02428966,Low Risk
4415,Male,0,Yes,No,66,Yes,Yes,DSL,Yes,Yes,Yes,No,No,No,Two year,Yes,Credit card (automatic),66.1,4428.45,49-72,High,1,1,1,1,1,0,0,0,5,0,0.024003198,Low Risk
3547,Male,1,Yes,No,70,Yes,Yes,DSL,Yes,Yes,Yes,Yes,Yes,Yes,Two year,No,Credit card (automatic),90.05,6333.4,49-72,Very High,1,1,1,1,1,1,1,1,8,0,0.023614846,Low Risk
6530,Male,1,Yes,No,63,No,No phone service,DSL,Yes,No,No,Yes,No,No,One year,No,Bank transfer (automatic),36.1,2298.9,49-72,Medium,0,0,1,0,0,1,0,0,2,0,0.023457905,Low Risk
6435,Male,0,Yes,Yes,52,No,No phone service,DSL,No,Yes,Yes,Yes,Yes,No,Two year,No,Mailed check,50.2,2554.0,49-72,Medium,0,0,0,1,1,1,1,0,4,0,0.023397053,Low Risk
5858,Female,0,No,No,61,Yes,No,No,No internet service,No internet service,No internet service,No internet service,No internet service,No internet service,One year,No,Bank transfer (automatic),19.45,1336.35,49-72,Low,1,0,0,0,0,0,0,0,1,0,0.023323458,Low Risk
3317,Male,0,Yes,No,63,Yes,No,DSL,Yes,Yes,No,Yes,Yes,No,One year,No,Credit card (automatic),70.8,4448.8,49-72,High,1,0,1,1,0,1,1,0,5,0,0.023252873,Low Risk
3944,Female,0,Yes,Yes,9,Yes,No,No,No internet service,No internet service,No internet service,No internet service,No internet service,No internet service,One year,No,Mailed check,20.25,172.35,0-12,Low,1,0,0,0,0,0,0,0,1,0,0.023226568,Low Risk
3211,Female,0,No,No,17,Yes,No,No,No internet service,No internet service,No internet service,No internet service,No internet service,No internet service,One year,No,Credit card (automatic),20.05,337.9,13-24,Low,1,0,0,0,0,0,0,0,1,0,0.023113541,Low Risk
3703,Male,0,No,Yes,9,Yes,No,No,No internet service,No internet service,No internet service,No internet service,No internet service,No internet service,One year,No,Mailed check,20.1,190.25,0-12,Low,1,0,0,0,0,0,0,0,1,0,0.023099527,Low Risk
658,Male,0,Yes,Yes,2,Yes,No,No,No internet service,No internet service,No internet service,No internet service,No internet service,No internet service,One year,No,Mailed check,19.85,35.9,0-12,Low,1,0,0,0,0,0,0,0,1,1,0.022949426,Low Risk
5262,Female,0,No,No,59,Yes,Yes,DSL,Yes,No,No,Yes,No,Yes,One year,No,Bank transfer (automatic),68.7,4070.95,49-72,High,1,1,1,0,0,1,0,1,5,0,0.02291293,Low Risk
2816,Female,0,Yes,No,72,Yes,Yes,Fiber optic,Yes,Yes,Yes,No,Yes,Yes,Two year,Yes,Electronic check,109.55,8165.1,49-72,Very High,1,1,1,1,1,0,1,1,7,0,0.02287315,Low Risk
5691,Male,0,No,No,4,Yes,No,No,No internet service,No internet service,No internet service,No internet service,No internet service,No internet service,One year,No,Mailed check,19.95,68.2,0-12,Low,1,0,0,0,0,0,0,0,1,0,0.022542132,Low Risk
1606,Male,1,Yes,Yes,72,Yes,No,Fiber optic,Yes,No,Yes,Yes,Yes,Yes,Two year,Yes,Credit card (automatic),104.1,7447.7,49-72,Very High,1,0,1,0,1,1,1,1,6,0,0.022381945,Low Risk
2423,Female,0,No,No,18,Yes,No,No,No internet service,No internet service,No internet service,No internet service,No internet service,No internet service,One year,No,Mailed check,20.1,407.05,13-24,Low,1,0,0,0,0,0,0,0,1,0,0.022370098,Low Risk
212,Male,0,No,Yes,61,Yes,No,No,No internet service,No internet service,No internet service,No internet service,No internet service,No internet service,Two year,No,Mailed check,19.75,1124.2,49-72,Low,1,0,0,0,0,0,0,0,1,0,0.022207744,Low Risk
1615,Female,0,Yes,No,49,Yes,No,No,No internet service,No internet service,No internet service,No internet service,No internet service,No internet service,One year,Yes,Bank transfer (automatic),20.05,923.1,49-72,Low,1,0,0,0,0,0,0,0,1,0,0.021749506,Low Risk
4543,Male,0,Yes,Yes,41,Yes,No,No,No internet service,No internet service,No internet service,No internet service,No internet service,No internet service,One year,No,Bank transfer (automatic),19.5,798.2,25-48,Low,1,0,0,0,0,0,0,0,1,0,0.02171448,Low Risk
1844,Male,0,Yes,No,59,Yes,No,DSL,Yes,Yes,Yes,No,Yes,No,One year,No,Credit card (automatic),66.4,3958.2,49-72,High,1,0,1,1,1,0,1,0,5,0,0.021574173,Low Risk
5756,Female,0,No,No,53,Yes,No,No,No internet service,No internet service,No internet service,No internet service,No internet service,No internet service,Two year,No,Credit card (automatic),19.85,1049.6,49-72,Low,1,0,0,0,0,0,0,0,1,0,0.021228917,Low Risk
5524,Male,0,Yes,Yes,45,Yes,No,DSL,Yes,No,No,Yes,No,No,Two year,No,Bank transfer (automatic),54.65,2553.7,25-48,Medium,1,0,1,0,0,1,0,0,3,0,0.02120558,Low Risk
2791,Male,0,No,No,57,Yes,No,DSL,Yes,No,Yes,No,Yes,Yes,Two year,Yes,Bank transfer (automatic),74.35,4317.35,49-72,High,1,0,1,0,1,0,1,1,5,0,0.021101998,Low Risk
6747,Female,0,Yes,No,52,No,No phone service,DSL,Yes,No,Yes,No,No,No,One year,No,Mailed check,35.45,1958.95,49-72,Medium,0,0,1,0,1,0,0,0,2,0,0.02090834,Low Risk
6412,Female,0,Yes,Yes,72,Yes,No,Fiber optic,Yes,Yes,Yes,Yes,Yes,Yes,Two year,Yes,Bank transfer (automatic),108.3,7679.65,49-72,Very High,1,0,1,1,1,1,1,1,7,0,0.020865474,Low Risk
4845,Male,0,Yes,Yes,20,No,No phone service,DSL,Yes,No,Yes,Yes,No,No,Two year,Yes,Credit card (automatic),39.4,825.4,13-24,Medium,0,0,1,0,1,1,0,0,3,0,0.020771455,Low Risk
3701,Female,0,Yes,Yes,27,Yes,Yes,No,No internet service,No internet service,No internet service,No internet service,No internet service,No internet service,Two year,No,Electronic check,24.5,761.95,25-48,Low,1,1,0,0,0,0,0,0,2,0,0.0206309,Low Risk
5470,Female,1,Yes,No,71,Yes,No,Fiber optic,No,Yes,Yes,No,No,Yes,Two year,No,Credit card (automatic),89.45,6435.25,49-72,High,1,0,0,1,1,0,0,1,4,0,0.020518888,Low Risk
350,Male,0,Yes,Yes,37,Yes,Yes,DSL,Yes,No,Yes,Yes,No,No,Two year,Yes,Credit card (automatic),62.8,2278.75,25-48,High,1,1,1,0,1,1,0,0,5,0,0.020485613,Low Risk
6611,Male,0,Yes,Yes,29,Yes,Yes,DSL,Yes,No,No,Yes,Yes,No,One year,No,Bank transfer (automatic),69.05,1958.45,25-48,High,1,1,1,0,0,1,1,0,5,0,0.02021545,Low Risk
6657,Female,0,Yes,No,49,Yes,No,No,No internet service,No internet service,No internet service,No internet service,No internet service,No internet service,One year,No,Bank transfer (automatic),20.45,900.9,49-72,Low,1,0,0,0,0,0,0,0,1,0,0.02017309,Low Risk
4015,Female,0,No,No,36,Yes,Yes,DSL,Yes,No,No,No,No,No,One year,No,Mailed check,54.45,1893.5,25-48,Medium,1,1,1,0,0,0,0,0,3,0,0.019925991,Low Risk
6872,Female,0,Yes,No,63,Yes,No,Fiber optic,Yes,No,Yes,No,No,No,One year,Yes,Credit card (automatic),81.15,5224.5,49-72,High,1,0,1,0,1,0,0,0,3,0,0.019898914,Low Risk
1654,Male,0,Yes,Yes,1,Yes,No,No,No internet service,No internet service,No internet service,No internet service,No internet service,No internet service,One year,No,Mailed check,18.8,18.8,0-12,Low,1,0,0,0,0,0,0,0,1,0,0.01989644,Low Risk
3109,Male,0,No,No,56,Yes,Yes,No,No internet service,No internet service,No internet service,No internet service,No internet service,No internet service,Two year,Yes,Bank transfer (automatic),25.95,1444.05,49-72,Low,1,1,0,0,0,0,0,0,2,0,0.019893967,Low Risk
4365,Male,0,Yes,No,63,Yes,Yes,DSL,No,No,Yes,Yes,Yes,Yes,Two year,No,Credit card (automatic),79.8,5034.05,49-72,High,1,1,0,0,1,1,1,1,6,0,0.019773992,Low Risk
1440,Male,0,Yes,Yes,8,Yes,No,No,No internet service,No internet service,No internet service,No internet service,No internet service,No internet service,One year,No,Credit card (automatic),19.9,153.95,0-12,Low,1,0,0,0,0,0,0,0,1,0,0.019759059,Low Risk
6070,Male,0,Yes,Yes,61,Yes,Yes,DSL,No,No,Yes,Yes,Yes,Yes,Two year,Yes,Bank transfer (automatic),81.0,4976.15,49-72,High,1,1,0,0,1,1,1,1,6,0,0.019702129,Low Risk
1154,Female,0,Yes,Yes,45,Yes,Yes,No,No internet service,No internet service,No internet service,No internet service,No internet service,No internet service,Two year,Yes,Bank transfer (automatic),24.65,1138.8,25-48,Low,1,1,0,0,0,0,0,0,2,0,0.01965835,Low Risk
6490,Male,0,No,No,26,Yes,No,No,No internet service,No internet service,No internet service,No internet service,No internet service,No internet service,One year,No,Mailed check,19.4,525.55,25-48,Low,1,0,0,0,0,0,0,0,1,0,0.019491721,Low Risk
2565,Female,0,Yes,Yes,13,Yes,Yes,No,No internet service,No internet service,No internet service,No internet service,No internet service,No internet service,Two year,Yes,Bank transfer (automatic),25.0,332.5,13-24,Low,1,1,0,0,0,0,0,0,2,0,0.019479806,Low Risk
4166,Male,1,No,No,32,Yes,No,No,No internet service,No internet service,No internet service,No internet service,No internet service,No internet service,One year,No,Credit card (automatic),19.8,587.7,25-48,Low,1,0,0,0,0,0,0,0,1,0,0.019374965,Low Risk
3419,Male,0,Yes,Yes,69,Yes,No,Fiber optic,No,Yes,No,Yes,Yes,No,Two year,Yes,Mailed check,92.15,6480.9,49-72,Very High,1,0,0,1,0,1,1,0,4,0,0.019365413,Low Risk
5082,Male,0,Yes,Yes,21,Yes,No,No,No internet service,No internet service,No internet service,No internet service,No internet service,No internet service,One year,No,Mailed check,19.8,350.1,13-24,Low,1,0,0,0,0,0,0,0,1,0,0.019263007,Low Risk
1560,Male,0,No,Yes,39,No,No phone service,DSL,Yes,No,No,Yes,Yes,No,One year,No,Bank transfer (automatic),45.05,1790.6,25-48,Medium,0,0,1,0,0,1,1,0,3,0,0.019165216,Low Risk
4722,Female,0,No,No,60,Yes,No,DSL,No,Yes,Yes,Yes,Yes,No,One year,Yes,Credit card (automatic),70.15,4224.7,49-72,High,1,0,0,1,1,1,1,0,5,0,0.018976483,Low Risk
671,Male,0,Yes,Yes,53,Yes,Yes,No,No internet service,No internet service,No internet service,No internet service,No internet service,No internet service,Two year,No,Credit card (automatic),25.55,1336.1,49-72,Low,1,1,0,0,0,0,0,0,2,0,0.018649638,Low Risk
266,Male,0,No,No,50,Yes,Yes,No,No internet service,No internet service,No internet service,No internet service,No internet service,No internet service,Two year,No,Bank transfer (automatic),24.9,1195.25,49-72,Low,1,1,0,0,0,0,0,0,2,0,0.01851829,Low Risk
164,Female,0,Yes,Yes,11,Yes,No,No,No internet service,No internet service,No internet service,No internet service,No internet service,No internet service,One year,No,Mailed check,20.6,233.9,0-12,Low,1,0,0,0,0,0,0,0,1,0,0.01845545,Low Risk
49,Female,0,Yes,Yes,69,Yes,Yes,DSL,Yes,No,Yes,Yes,No,No,Two year,Yes,Credit card (automatic),64.15,4254.1,49-72,High,1,1,1,0,1,1,0,0,5,0,0.018396914,Low Risk
1566,Male,0,Yes,Yes,72,Yes,No,DSL,No,Yes,Yes,No,Yes,Yes,Two year,Yes,Bank transfer (automatic),75.4,5480.25,49-72,High,1,0,0,1,1,0,1,1,5,0,0.01836354,Low Risk
1546,Female,0,No,No,60,Yes,No,No,No internet service,No internet service,No internet service,No internet service,No internet service,No internet service,Two year,No,Bank transfer (automatic),19.85,1128.1,49-72,Low,1,0,0,0,0,0,0,0,1,0,0.01835338,Low Risk
2217,Female,0,Yes,Yes,66,Yes,Yes,DSL,Yes,Yes,Yes,Yes,Yes,Yes,Two year,No,Credit card (automatic),89.9,5958.85,49-72,High,1,1,1,1,1,1,1,1,8,0,0.018235581,Low Risk
163,Male,0,No,No,53,Yes,Yes,DSL,No,Yes,Yes,Yes,No,Yes,Two year,Yes,Bank transfer (automatic),73.9,3958.25,49-72,High,1,1,0,1,1,1,0,1,6,0,0.018193431,Low Risk
5725,Female,0,Yes,Yes,18,Yes,Yes,No,No internet service,No internet service,No internet service,No internet service,No internet service,No internet service,Two year,Yes,Credit card (automatic),24.65,471.35,13-24,Low,1,1,0,0,0,0,0,0,2,0,0.018104415,Low Risk
2381,Male,0,No,No,11,Yes,No,No,No internet service,No internet service,No internet service,No internet service,No internet service,No internet service,One year,No,Mailed check,19.5,226.8,0-12,Low,1,0,0,0,0,0,0,0,1,0,0.017977301,Low Risk
3992,Female,0,No,No,70,Yes,Yes,DSL,Yes,Yes,Yes,No,Yes,Yes,Two year,No,Mailed check,84.7,5991.05,49-72,High,1,1,1,1,1,0,1,1,7,0,0.01790909,Low Risk
2603,Female,0,No,No,72,Yes,Yes,Fiber optic,Yes,Yes,Yes,Yes,Yes,Yes,Two year,Yes,Electronic check,114.9,8496.7,49-72,Very High,1,1,1,1,1,1,1,1,8,0,0.017858764,Low Risk
6220,Male,0,Yes,Yes,10,No,No phone service,DSL,Yes,Yes,Yes,Yes,No,Yes,Two year,No,Credit card (automatic),53.7,521.0,0-12,Medium,0,0,1,1,1,1,0,1,5,0,0.01779541,Low Risk
5086,Male,0,No,No,45,Yes,No,No,No internet service,No internet service,No internet service,No internet service,No internet service,No internet service,One year,Yes,Electronic check,20.4,930.45,25-48,Low,1,0,0,0,0,0,0,0,1,1,0.017735709,Low Risk
2558,Female,0,No,No,38,Yes,No,No,No internet service,No internet service,No internet service,No internet service,No internet service,No internet service,One year,No,Mailed check,20.05,678.2,25-48,Low,1,0,0,0,0,0,0,0,1,0,0.017735278,Low Risk
2646,Male,0,No,No,56,Yes,No,DSL,No,Yes,Yes,Yes,Yes,Yes,Two year,Yes,Credit card (automatic),81.8,4534.45,49-72,High,1,0,0,1,1,1,1,1,6,0,0.017667936,Low Risk
5077,Female,0,Yes,Yes,7,Yes,No,No,No internet service,No internet service,No internet service,No internet service,No internet service,No internet service,Two year,No,Mailed check,19.85,144.15,0-12,Low,1,0,0,0,0,0,0,0,1,0,0.017660886,Low Risk
4362,Female,0,Yes,No,49,Yes,No,No,No internet service,No internet service,No internet service,No internet service,No internet service,No internet service,One year,No,Credit card (automatic),20.7,1032.05,49-72,Low,1,0,0,0,0,0,0,0,1,0,0.017640678,Low Risk
3850,Male,0,Yes,No,51,Yes,No,DSL,Yes,Yes,Yes,Yes,Yes,Yes,Two year,Yes,Credit card (automatic),83.25,4089.45,49-72,High,1,0,1,1,1,1,1,1,7,0,0.01745514,Low Risk
821,Male,0,Yes,Yes,43,Yes,No,DSL,Yes,No,Yes,Yes,Yes,Yes,Two year,Yes,Credit card (automatic),79.15,3566.6,25-48,High,1,0,1,0,1,1,1,1,6,0,0.017422833,Low Risk
1104,Male,0,No,No,42,Yes,No,No,No internet service,No internet service,No internet service,No internet service,No internet service,No internet service,One year,Yes,Mailed check,19.55,839.4,25-48,Low,1,0,0,0,0,0,0,0,1,0,0.017353274,Low Risk
4737,Female,0,Yes,No,72,Yes,Yes,Fiber optic,Yes,Yes,Yes,Yes,Yes,Yes,Two year,Yes,Bank transfer (automatic),115.5,8312.75,49-72,Very High,1,1,1,1,1,1,1,1,8,0,0.017323287,Low Risk
5115,Male,0,Yes,No,46,Yes,No,DSL,Yes,Yes,Yes,Yes,No,No,Two year,No,Mailed check,65.65,3047.15,25-48,High,1,0,1,1,1,1,0,0,5,0,0.017266639,Low Risk
1119,Male,0,Yes,Yes,70,No,No phone service,DSL,Yes,No,Yes,Yes,Yes,Yes,Two year,No,Bank transfer (automatic),59.5,4144.8,49-72,Medium,0,0,1,0,1,1,1,1,5,0,0.017121462,Low Risk
5642,Female,0,No,No,20,Yes,No,No,No internet service,No internet service,No internet service,No internet service,No internet service,No internet service,One year,No,Mailed check,19.5,403.15,13-24,Low,1,0,0,0,0,0,0,0,1,0,0.017038168,Low Risk
1693,Male,0,Yes,No,72,Yes,Yes,Fiber optic,Yes,Yes,Yes,Yes,Yes,Yes,Two year,No,Credit card (automatic),114.45,8375.05,49-72,Very High,1,1,1,1,1,1,1,1,8,0,0.016929287,Low Risk
5515,Female,0,Yes,Yes,18,Yes,No,No,No internet service,No internet service,No internet service,No internet service,No internet service,No internet service,Two year,No,Mailed check,19.35,309.25,13-24,Low,1,0,0,0,0,0,0,0,1,0,0.016928494,Low Risk
5721,Female,0,No,No,27,Yes,No,DSL,Yes,Yes,No,No,No,No,Two year,No,Bank transfer (automatic),52.85,1498.65,25-48,Medium,1,0,1,1,0,0,0,0,3,0,0.016877638,Low Risk
2503,Male,0,Yes,Yes,44,Yes,No,No,No internet service,No internet service,No internet service,No internet service,No internet service,No internet service,One year,No,Bank transfer (automatic),20.6,926.0,25-48,Low,1,0,0,0,0,0,0,0,1,0,0.016845427,Low Risk
6783,Female,0,No,Yes,21,No,No phone service,DSL,Yes,Yes,Yes,Yes,Yes,No,Two year,No,Mailed check,53.15,1183.2,13-24,Medium,0,0,1,1,1,1,1,0,5,0,0.016699864,Low Risk
6383,Male,0,No,Yes,23,No,No phone service,DSL,Yes,No,Yes,Yes,No,No,Two year,No,Mailed check,40.1,857.75,13-24,Medium,0,0,1,0,1,1,0,0,3,0,0.01662713,Low Risk
213,Female,0,Yes,Yes,29,Yes,No,No,No internet service,No internet service,No internet service,No internet service,No internet service,No internet service,One year,No,Electronic check,20.0,540.05,25-48,Low,1,0,0,0,0,0,0,0,1,0,0.0166067,Low Risk
1237,Male,0,No,No,13,Yes,No,No,No internet service,No internet service,No internet service,No internet service,No internet service,No internet service,One year,No,Mailed check,19.45,270.2,13-24,Low,1,0,0,0,0,0,0,0,1,0,0.016467202,Low Risk
884,Female,0,Yes,Yes,49,No,No phone service,DSL,Yes,No,No,Yes,No,No,One year,Yes,Credit card (automatic),35.8,1782.0,49-72,Medium,0,0,1,0,0,1,0,0,2,0,0.016423078,Low Risk
5487,Male,0,No,Yes,33,Yes,No,No,No internet service,No internet service,No internet service,No internet service,No internet service,No internet service,One year,Yes,Mailed check,20.15,682.15,25-48,Low,1,0,0,0,0,0,0,0,1,0,0.01632885,Low Risk
4665,Female,0,Yes,Yes,67,No,No phone service,DSL,Yes,Yes,No,No,No,No,Two year,No,Bank transfer (automatic),36.15,2434.45,49-72,Medium,0,0,1,1,0,0,0,0,2,0,0.01618375,Low Risk
6679,Female,0,Yes,No,60,No,No phone service,DSL,Yes,Yes,No,Yes,No,No,Two year,No,Bank transfer (automatic),37.7,2288.7,49-72,Medium,0,0,1,1,0,1,0,0,3,0,0.016063297,Low Risk
5592,Male,0,No,No,13,Yes,No,No,No internet service,No internet service,No internet service,No internet service,No internet service,No internet service,Two year,No,Mailed check,19.75,265.75,13-24,Low,1,0,0,0,0,0,0,0,1,0,0.016037483,Low Risk
6595,Male,0,Yes,No,71,Yes,No,DSL,Yes,No,Yes,Yes,Yes,Yes,Two year,Yes,Electronic check,82.55,5832.65,49-72,High,1,0,1,0,1,1,1,1,6,0,0.015991347,Low Risk
1092,Male,0,Yes,No,70,Yes,No,DSL,Yes,Yes,Yes,Yes,No,No,Two year,No,Credit card (automatic),64.95,4523.25,49-72,High,1,0,1,1,1,1,0,0,5,0,0.015798798,Low Risk
6656,Male,0,Yes,Yes,48,Yes,Yes,No,No internet service,No internet service,No internet service,No internet service,No internet service,No internet service,Two year,No,Mailed check,23.55,1173.35,25-48,Low,1,1,0,0,0,0,0,0,2,0,0.015762635,Low Risk
4227,Male,0,Yes,Yes,69,Yes,No,DSL,Yes,Yes,No,Yes,Yes,Yes,Two year,No,Bank transfer (automatic),80.65,5542.55,49-72,High,1,0,1,1,0,1,1,1,6,0,0.015747624,Low Risk
6121,Female,0,Yes,Yes,8,Yes,No,No,No internet service,No internet service,No internet service,No internet service,No internet service,No internet service,Two year,No,Bank transfer (automatic),19.5,159.35,0-12,Low,1,0,0,0,0,0,0,0,1,0,0.015386356,Low Risk
1909,Male,0,Yes,Yes,7,Yes,No,No,No internet service,No internet service,No internet service,No internet service,No internet service,No internet service,One year,No,Mailed check,20.65,150.0,0-12,Low,1,0,0,0,0,0,0,0,1,0,0.01527318,Low Risk
4977,Male,0,Yes,Yes,24,Yes,No,No,No internet service,No internet service,No internet service,No internet service,No internet service,No internet service,One year,Yes,Credit card (automatic),20.8,469.65,13-24,Low,1,0,0,0,0,0,0,0,1,0,0.015177805,Low Risk
2760,Male,0,No,No,26,Yes,No,No,No internet service,No internet service,No internet service,No internet service,No internet service,No internet service,One year,Yes,Credit card (automatic),20.65,595.5,25-48,Low,1,0,0,0,0,0,0,0,1,0,0.015057594,Low Risk
1280,Female,1,Yes,No,72,Yes,Yes,Fiber optic,Yes,Yes,Yes,Yes,Yes,Yes,Two year,Yes,Bank transfer (automatic),114.85,8317.95,49-72,Very High,1,1,1,1,1,1,1,1,8,0,0.01501467,Low Risk
449,Male,0,Yes,Yes,72,Yes,No,Fiber optic,Yes,Yes,No,Yes,Yes,Yes,Two year,No,Bank transfer (automatic),105.5,7611.55,49-72,Very High,1,0,1,1,0,1,1,1,6,0,0.015011822,Low Risk
303,Female,0,Yes,Yes,68,No,No phone service,DSL,No,Yes,Yes,Yes,Yes,Yes,Two year,No,Credit card (automatic),60.3,4109.0,49-72,High,0,0,0,1,1,1,1,1,5,0,0.014950112,Low Risk
344,Female,0,No,Yes,41,Yes,No,No,No internet service,No internet service,No internet service,No internet service,No internet service,No internet service,One year,Yes,Credit card (automatic),20.25,865.0,25-48,Low,1,0,0,0,0,0,0,0,1,0,0.014934277,Low Risk
2913,Male,0,No,No,52,No,No phone service,DSL,Yes,Yes,Yes,Yes,Yes,Yes,Two year,No,Credit card (automatic),63.9,3334.95,49-72,High,0,0,1,1,1,1,1,1,6,0,0.014795039,Low Risk
2627,Female,0,No,No,33,Yes,Yes,No,No internet service,No internet service,No internet service,No internet service,No internet service,No internet service,Two year,No,Credit card (automatic),25.7,826.1,25-48,Low,1,1,0,0,0,0,0,0,2,0,0.014564049,Low Risk
1699,Female,0,No,No,42,Yes,No,No,No internet service,No internet service,No internet service,No internet service,No internet service,No internet service,One year,Yes,Mailed check,20.65,958.1,25-48,Low,1,0,0,0,0,0,0,0,1,0,0.014492332,Low Risk
4373,Female,0,Yes,Yes,25,Yes,No,No,No internet service,No internet service,No internet service,No internet service,No internet service,No internet service,One year,No,Mailed check,20.05,520.1,25-48,Low,1,0,0,0,0,0,0,0,1,0,0.014289703,Low Risk
2681,Male,0,Yes,No,46,No,No phone service,DSL,Yes,No,Yes,Yes,No,No,Two year,No,Credit card (automatic),40.4,1842.7,25-48,Medium,0,0,1,0,1,1,0,0,3,0,0.014238072,Low Risk
6023,Female,1,No,No,51,Yes,No,No,No internet service,No internet service,No internet service,No internet service,No internet service,No internet service,Two year,No,Credit card (automatic),19.6,967.9,49-72,Low,1,0,0,0,0,0,0,0,1,0,0.014010692,Low Risk
3056,Male,0,Yes,Yes,50,Yes,Yes,DSL,Yes,No,No,Yes,Yes,No,Two year,Yes,Credit card (automatic),70.5,3486.65,49-72,High,1,1,1,0,0,1,1,0,5,0,0.013959215,Low Risk
1462,Male,0,Yes,No,36,Yes,No,No,No internet service,No internet service,No internet service,No internet service,No internet service,No internet service,One year,No,Mailed check,20.0,666.75,25-48,Low,1,0,0,0,0,0,0,0,1,0,0.013922121,Low Risk
6731,Female,0,No,No,24,Yes,No,No,No internet service,No internet service,No internet service,No internet service,No internet service,No internet service,Two year,Yes,Bank transfer (automatic),19.55,470.2,13-24,Low,1,0,0,0,0,0,0,0,1,0,0.013916807,Low Risk
993,Female,0,Yes,Yes,10,Yes,Yes,No,No internet service,No internet service,No internet service,No internet service,No internet service,No internet service,Two year,No,Credit card (automatic),26.1,225.55,0-12,Low,1,1,0,0,0,0,0,0,2,0,0.013880667,Low Risk
5319,Female,1,Yes,No,72,Yes,Yes,Fiber optic,Yes,No,Yes,Yes,Yes,Yes,Two year,Yes,Mailed check,109.75,8075.35,49-72,Very High,1,1,1,0,1,1,1,1,7,0,0.013820713,Low Risk
1728,Female,0,No,No,45,Yes,No,DSL,Yes,No,Yes,Yes,Yes,Yes,Two year,No,Bank transfer (automatic),81.65,3618.7,25-48,High,1,0,1,0,1,1,1,1,6,0,0.0138042485,Low Risk
4113,Male,0,No,No,36,Yes,No,No,No internet service,No internet service,No internet service,No internet service,No internet service,No internet service,One year,Yes,Credit card (automatic),20.35,695.85,25-48,Low,1,0,0,0,0,0,0,0,1,0,0.013635727,Low Risk
5102,Female,0,Yes,No,72,Yes,Yes,Fiber optic,Yes,No,Yes,Yes,Yes,Yes,Two year,Yes,Credit card (automatic),110.15,7881.2,49-72,Very High,1,1,1,0,1,1,1,1,7,0,0.013493706,Low Risk
3836,Female,0,Yes,No,64,Yes,Yes,DSL,No,No,Yes,Yes,No,No,One year,No,Bank transfer (automatic),58.35,3756.45,49-72,Medium,1,1,0,0,1,1,0,0,4,0,0.013447403,Low Risk
2568,Male,0,Yes,Yes,15,Yes,No,No,No internet service,No internet service,No internet service,No internet service,No internet service,No internet service,Two year,No,Mailed check,19.35,278.85,13-24,Low,1,0,0,0,0,0,0,0,1,0,0.013378623,Low Risk
1766,Female,0,Yes,Yes,27,Yes,No,No,No internet service,No internet service,No internet service,No internet service,No internet service,No internet service,One year,Yes,Mailed check,20.55,583.3,25-48,Low,1,0,0,0,0,0,0,0,1,0,0.013375603,Low Risk
4708,Female,0,Yes,Yes,56,Yes,No,DSL,Yes,Yes,Yes,No,No,No,Two year,Yes,Credit card (automatic),61.3,3346.8,49-72,High,1,0,1,1,1,0,0,0,4,0,0.01334658,Low Risk
1333,Male,0,No,No,50,No,No phone service,DSL,Yes,No,No,Yes,No,No,One year,Yes,Mailed check,35.4,1748.9,49-72,Medium,0,0,1,0,0,1,0,0,2,0,0.013283339,Low Risk
4748,Male,0,No,No,22,Yes,No,No,No internet service,No internet service,No internet service,No internet service,No internet service,No internet service,One year,No,Credit card (automatic),20.3,467.15,13-24,Low,1,0,0,0,0,0,0,0,1,0,0.01326124,Low Risk
6585,Female,0,Yes,Yes,43,Yes,No,No,No internet service,No internet service,No internet service,No internet service,No internet service,No internet service,One year,No,Mailed check,20.0,817.95,25-48,Low,1,0,0,0,0,0,0,0,1,0,0.013257871,Low Risk
324,Male,0,No,No,69,No,No phone service,DSL,Yes,Yes,No,Yes,Yes,Yes,Two year,Yes,Bank transfer (automatic),60.05,4176.7,49-72,High,0,0,1,1,0,1,1,1,5,0,0.013241301,Low Risk
2550,Female,0,Yes,Yes,56,Yes,No,No,No internet service,No internet service,No internet service,No internet service,No internet service,No internet service,Two year,No,Mailed check,20.05,1090.1,49-72,Low,1,0,0,0,0,0,0,0,1,0,0.013125532,Low Risk
192,Female,0,Yes,Yes,69,Yes,No,No,No internet service,No internet service,No internet service,No internet service,No internet service,No internet service,Two year,No,Bank transfer (automatic),19.75,1375.4,49-72,Low,1,0,0,0,0,0,0,0,1,0,0.013068208,Low Risk
5928,Female,0,Yes,Yes,61,Yes,No,No,No internet service,No internet service,No internet service,No internet service,No internet service,No internet service,Two year,No,Credit card (automatic),19.75,1311.6,49-72,Low,1,0,0,0,0,0,0,0,1,0,0.013003955,Low Risk
1216,Male,0,Yes,Yes,54,Yes,No,No,No internet service,No internet service,No internet service,No internet service,No internet service,No internet service,Two year,No,Credit card (automatic),20.4,1090.6,49-72,Low,1,0,0,0,0,0,0,0,1,0,0.012991329,Low Risk
7000,Female,0,No,No,67,Yes,No,No,No internet service,No internet service,No internet service,No internet service,No internet service,No internet service,One year,No,Electronic check,20.55,1343.4,49-72,Low,1,0,0,0,0,0,0,0,1,0,0.012915135,Low Risk
87,Female,0,Yes,Yes,48,Yes,No,No,No internet service,No internet service,No internet service,No internet service,No internet service,No internet service,Two year,No,Bank transfer (automatic),20.65,1057.0,25-48,Low,1,0,0,0,0,0,0,0,1,0,0.0128980465,Low Risk
447,Female,0,Yes,Yes,52,Yes,Yes,No,No internet service,No internet service,No internet service,No internet service,No internet service,No internet service,Two year,Yes,Bank transfer (automatic),25.05,1270.25,49-72,Low,1,1,0,0,0,0,0,0,2,0,0.012835078,Low Risk
4301,Male,0,Yes,Yes,66,Yes,No,No,No internet service,No internet service,No internet service,No internet service,No internet service,No internet service,Two year,Yes,Mailed check,19.75,1344.5,49-72,Low,1,0,0,0,0,0,0,0,1,0,0.0126767075,Low Risk
746,Male,1,Yes,Yes,72,Yes,Yes,Fiber optic,Yes,Yes,Yes,Yes,Yes,Yes,Two year,Yes,Bank transfer (automatic),114.95,8196.4,49-72,Very High,1,1,1,1,1,1,1,1,8,0,0.012629319,Low Risk
2479,Male,0,Yes,Yes,56,Yes,Yes,DSL,Yes,Yes,No,Yes,No,Yes,Two year,Yes,Credit card (automatic),75.85,4261.2,49-72,High,1,1,1,1,0,1,0,1,6,0,0.012617563,Low Risk
3088,Male,0,Yes,Yes,46,Yes,No,DSL,Yes,No,Yes,Yes,Yes,Yes,Two year,No,Mailed check,81.0,3846.35,25-48,High,1,0,1,0,1,1,1,1,6,0,0.012601883,Low Risk
4386,Male,0,Yes,Yes,55,Yes,No,DSL,Yes,Yes,No,Yes,No,No,Two year,No,Bank transfer (automatic),57.55,3046.4,49-72,Medium,1,0,1,1,0,1,0,0,4,1,0.01259951,Low Risk
3790,Male,0,No,No,2,Yes,No,No,No internet service,No internet service,No internet service,No internet service,No internet service,No internet service,One year,No,Credit card (automatic),19.3,28.3,0-12,Low,1,0,0,0,0,0,0,0,1,1,0.012426511,Low Risk
153,Male,0,Yes,Yes,62,Yes,No,DSL,Yes,Yes,Yes,Yes,Yes,Yes,Two year,No,Electronic check,86.1,5215.25,49-72,High,1,0,1,1,1,1,1,1,7,0,0.012350075,Low Risk
2080,Male,1,Yes,No,72,Yes,Yes,DSL,Yes,Yes,Yes,No,Yes,Yes,Two year,Yes,Credit card (automatic),84.1,5981.65,49-72,High,1,1,1,1,1,0,1,1,7,0,0.012330135,Low Risk
404,Male,0,No,No,20,Yes,No,No,No internet service,No internet service,No internet service,No internet service,No internet service,No internet service,Two year,Yes,Mailed check,19.7,419.4,13-24,Low,1,0,0,0,0,0,0,0,1,0,0.012288673,Low Risk
4654,Female,0,Yes,Yes,42,Yes,No,No,No internet service,No internet service,No internet service,No internet service,No internet service,No internet service,One year,Yes,Electronic check,19.05,761.85,25-48,Low,1,0,0,0,0,0,0,0,1,0,0.012122391,Low Risk
1284,Male,0,Yes,Yes,59,Yes,No,No,No internet service,No internet service,No internet service,No internet service,No internet service,No internet service,Two year,No,Mailed check,19.85,1188.25,49-72,Low,1,0,0,0,0,0,0,0,1,0,0.012054625,Low Risk
3896,Female,0,Yes,Yes,38,Yes,No,No,No internet service,No internet service,No internet service,No internet service,No internet service,No internet service,One year,No,Mailed check,20.3,749.35,25-48,Low,1,0,0,0,0,0,0,0,1,0,0.011994154,Low Risk
4506,Male,1,Yes,No,72,Yes,Yes,DSL,No,Yes,Yes,Yes,Yes,No,Two year,No,Credit card (automatic),77.35,5396.25,49-72,High,1,1,0,1,1,1,1,0,6,0,0.011956597,Low Risk
2268,Female,0,No,No,40,Yes,No,No,No internet service,No internet service,No internet service,No internet service,No internet service,No internet service,Two year,Yes,Bank transfer (automatic),20.6,827.3,25-48,Low,1,0,0,0,0,0,0,0,1,0,0.011939782,Low Risk
4693,Male,0,No,Yes,52,Yes,Yes,No,No internet service,No internet service,No internet service,No internet service,No internet service,No internet service,Two year,No,Credit card (automatic),25.6,1334.5,49-72,Low,1,1,0,0,0,0,0,0,2,0,0.011930993,Low Risk
4438,Male,0,Yes,Yes,51,Yes,Yes,No,No internet service,No internet service,No internet service,No internet service,No internet service,No internet service,Two year,Yes,Mailed check,24.95,1222.25,49-72,Low,1,1,0,0,0,0,0,0,2,0,0.011907883,Low Risk
3155,Male,0,No,Yes,29,Yes,No,No,No internet service,No internet service,No internet service,No internet service,No internet service,No internet service,One year,No,Mailed check,19.85,535.05,25-48,Low,1,0,0,0,0,0,0,0,1,0,0.011836015,Low Risk
1289,Male,0,No,No,63,Yes,Yes,DSL,Yes,Yes,Yes,Yes,No,No,One year,No,Bank transfer (automatic),68.8,4111.35,49-72,High,1,1,1,1,1,1,0,0,6,0,0.011816361,Low Risk
2259,Female,0,No,No,8,Yes,No,No,No internet service,No internet service,No internet service,No internet service,No internet service,No internet service,Two year,No,Mailed check,20.85,161.65,0-12,Low,1,0,0,0,0,0,0,0,1,0,0.011797917,Low Risk
2154,Female,0,No,Yes,24,Yes,No,No,No internet service,No internet service,No internet service,No internet service,No internet service,No internet service,Two year,No,Mailed check,19.75,498.1,13-24,Low,1,0,0,0,0,0,0,0,1,0,0.011679572,Low Risk
1347,Male,0,No,No,19,Yes,No,No,No internet service,No internet service,No internet service,No internet service,No internet service,No internet service,Two year,Yes,Mailed check,19.95,373.5,13-24,Low,1,0,0,0,0,0,0,0,1,0,0.01166251,Low Risk
6208,Male,0,Yes,No,61,Yes,Yes,DSL,Yes,Yes,Yes,Yes,No,Yes,Two year,Yes,Bank transfer (automatic),80.8,4860.85,49-72,High,1,1,1,1,1,1,0,1,7,0,0.0115216365,Low Risk
1292,Female,0,No,No,62,Yes,Yes,DSL,No,Yes,Yes,Yes,Yes,Yes,Two year,No,Bank transfer (automatic),84.5,5193.2,49-72,High,1,1,0,1,1,1,1,1,7,0,0.011479819,Low Risk
9,Male,0,No,Yes,62,Yes,No,DSL,Yes,Yes,No,No,No,No,One year,No,Bank transfer (automatic),56.15,3487.95,49-72,Medium,1,0,1,1,0,0,0,0,3,0,0.0114499405,Low Risk
5422,Male,0,Yes,Yes,68,Yes,No,DSL,Yes,Yes,Yes,Yes,No,No,Two year,No,Credit card (automatic),62.65,4375.8,49-72,High,1,0,1,1,1,1,0,0,5,0,0.011445121,Low Risk
4280,Male,0,Yes,Yes,64,Yes,No,No,No internet service,No internet service,No internet service,No internet service,No internet service,No internet service,Two year,Yes,Bank transfer (automatic),19.7,1274.05,49-72,Low,1,0,0,0,0,0,0,0,1,0,0.011233443,Low Risk
2199,Male,0,Yes,Yes,52,Yes,Yes,No,No internet service,No internet service,No internet service,No internet service,No internet service,No internet service,Two year,No,Mailed check,25.75,1345.85,49-72,Low,1,1,0,0,0,0,0,0,2,0,0.01119159,Low Risk
5927,Male,0,No,No,51,Yes,Yes,No,No internet service,No internet service,No internet service,No internet service,No internet service,No internet service,Two year,No,Mailed check,24.75,1234.6,49-72,Low,1,1,0,0,0,0,0,0,2,0,0.0111725675,Low Risk
4206,Female,0,Yes,Yes,72,Yes,Yes,Fiber optic,Yes,Yes,Yes,Yes,Yes,Yes,Two year,Yes,Credit card (automatic),116.8,8456.75,49-72,Very High,1,1,1,1,1,1,1,1,8,0,0.011123198,Low Risk
4686,Female,1,No,No,72,Yes,Yes,Fiber optic,Yes,Yes,Yes,Yes,No,Yes,Two year,Yes,Bank transfer (automatic),107.4,7748.75,49-72,Very High,1,1,1,1,1,1,0,1,7,0,0.01096634,Low Risk
1653,Male,0,Yes,No,58,Yes,No,No,No internet service,No internet service,No internet service,No internet service,No internet service,No internet service,Two year,No,Mailed check,20.75,1185.95,49-72,Low,1,0,0,0,0,0,0,0,1,0,0.010863359,Low Risk
4589,Female,0,Yes,Yes,10,Yes,No,No,No internet service,No internet service,No internet service,No internet service,No internet service,No internet service,Two year,No,Mailed check,20.15,220.8,0-12,Low,1,0,0,0,0,0,0,0,1,0,0.010848822,Low Risk
5886,Female,0,Yes,Yes,47,Yes,No,No,No internet service,No internet service,No internet service,No internet service,No internet service,No internet service,Two year,No,Mailed check,19.75,948.9,25-48,Low,1,0,0,0,0,0,0,0,1,0,0.010827592,Low Risk
3112,Male,0,Yes,No,72,Yes,Yes,Fiber optic,Yes,Yes,No,Yes,No,Yes,Two year,Yes,Bank transfer (automatic),100.55,7325.1,49-72,Very High,1,1,1,1,0,1,0,1,6,0,0.010815535,Low Risk
6143,Male,0,Yes,Yes,50,Yes,No,No,No internet service,No internet service,No internet service,No internet service,No internet service,No internet service,One year,Yes,Mailed check,20.35,938.95,49-72,Low,1,0,0,0,0,0,0,0,1,0,0.010808304,Low Risk
5789,Female,0,No,No,25,Yes,No,No,No internet service,No internet service,No internet service,No internet service,No internet service,No internet service,Two year,No,Credit card (automatic),19.8,475.2,25-48,Low,1,0,0,0,0,0,0,0,1,0,0.010775882,Low Risk
2742,Male,0,No,No,66,Yes,Yes,DSL,Yes,Yes,Yes,Yes,No,No,Two year,No,Bank transfer (automatic),68.75,4447.55,49-72,High,1,1,1,1,1,1,0,0,6,0,0.010728678,Low Risk
4320,Male,0,Yes,No,71,Yes,No,No,No internet service,No internet service,No internet service,No internet service,No internet service,No internet service,One year,No,Electronic check,20.85,1539.75,49-72,Low,1,0,0,0,0,0,0,0,1,0,0.010646437,Low Risk
4038,Female,0,No,No,60,Yes,No,No,No internet service,No internet service,No internet service,No internet service,No internet service,No internet service,Two year,No,Mailed check,20.6,1093.0,49-72,Low,1,0,0,0,0,0,0,0,1,0,0.010630377,Low Risk
2292,Female,0,Yes,Yes,54,Yes,Yes,DSL,Yes,Yes,Yes,Yes,Yes,Yes,Two year,No,Credit card (automatic),91.3,4965.0,49-72,Very High,1,1,1,1,1,1,1,1,8,0,0.010564416,Low Risk
4441,Male,0,Yes,No,42,Yes,No,No,No internet service,No internet service,No internet service,No internet service,No internet service,No internet service,Two year,No,Electronic check,20.25,835.5,25-48,Low,1,0,0,0,0,0,0,0,1,0,0.010315512,Low Risk
3761,Female,0,Yes,No,72,Yes,Yes,DSL,Yes,Yes,Yes,No,Yes,Yes,Two year,Yes,Credit card (automatic),82.65,5919.35,49-72,High,1,1,1,1,1,0,1,1,7,0,0.010262275,Low Risk
2701,Female,0,Yes,Yes,61,Yes,No,No,No internet service,No internet service,No internet service,No internet service,No internet service,No internet service,One year,No,Credit card (automatic),19.1,1143.8,49-72,Low,1,0,0,0,0,0,0,0,1,0,0.010145963,Low Risk
437,Male,0,Yes,Yes,72,Yes,Yes,Fiber optic,Yes,Yes,Yes,Yes,Yes,Yes,Two year,Yes,Credit card (automatic),114.05,8468.2,49-72,Very High,1,1,1,1,1,1,1,1,8,0,0.009941026,Low Risk
3365,Male,0,No,No,19,Yes,No,No,No internet service,No internet service,No internet service,No internet service,No internet service,No internet service,Two year,No,Mailed check,19.65,358.15,13-24,Low,1,0,0,0,0,0,0,0,1,0,0.009840527,Low Risk
5212,Male,0,Yes,Yes,72,No,No phone service,DSL,Yes,Yes,Yes,No,No,No,Two year,No,Credit card (automatic),38.5,2763.0,49-72,Medium,0,0,1,1,1,0,0,0,3,0,0.009758925,Low Risk
4175,Male,0,Yes,Yes,61,Yes,No,No,No internet service,No internet service,No internet service,No internet service,No internet service,No internet service,One year,No,Mailed check,20.4,1226.45,49-72,Low,1,0,0,0,0,0,0,0,1,0,0.009741393,Low Risk
4728,Male,0,No,No,46,No,No phone service,DSL,Yes,No,Yes,Yes,No,No,Two year,No,Mailed check,38.25,1755.35,25-48,Medium,0,0,1,0,1,1,0,0,3,0,0.009727988,Low Risk
1697,Female,0,Yes,Yes,63,Yes,No,DSL,Yes,Yes,Yes,Yes,Yes,No,Two year,No,Credit card (automatic),75.55,4707.85,49-72,High,1,0,1,1,1,1,1,0,6,0,0.009658442,Low Risk
2351,Female,0,No,No,49,Yes,No,DSL,Yes,Yes,Yes,Yes,No,No,Two year,No,Bank transfer (automatic),67.4,3306.85,49-72,High,1,0,1,1,1,1,0,0,5,0,0.00962919,Low Risk
6584,Female,0,Yes,Yes,50,Yes,No,No,No internet service,No internet service,No internet service,No internet service,No internet service,No internet service,Two year,No,Credit card (automatic),20.55,1070.25,49-72,Low,1,0,0,0,0,0,0,0,1,0,0.009554493,Low Risk
4934,Female,0,Yes,No,72,Yes,Yes,Fiber optic,Yes,Yes,Yes,No,Yes,Yes,Two year,Yes,Electronic check,110.75,7751.7,49-72,Very High,1,1,1,1,1,0,1,1,7,0,0.009526881,Low Risk
3777,Female,0,Yes,Yes,47,Yes,No,No,No internet service,No internet service,No internet service,No internet service,No internet service,No internet service,Two year,No,Bank transfer (automatic),19.3,890.5,25-48,Low,1,0,0,0,0,0,0,0,1,0,0.0094851265,Low Risk
1033,Female,0,Yes,No,62,Yes,Yes,No,No internet service,No internet service,No internet service,No internet service,No internet service,No internet service,Two year,No,Bank transfer (automatic),23.65,1416.75,49-72,Low,1,1,0,0,0,0,0,0,2,0,0.009481122,Low Risk
6492,Male,0,Yes,No,24,Yes,No,No,No internet service,No internet service,No internet service,No internet service,No internet service,No internet service,Two year,No,Mailed check,19.75,483.15,13-24,Low,1,0,0,0,0,0,0,0,1,0,0.009443995,Low Risk
216,Male,0,Yes,Yes,72,No,No phone service,DSL,Yes,Yes,Yes,Yes,No,No,Two year,No,Credit card (automatic),45.25,3139.8,49-72,Medium,0,0,1,1,1,1,0,0,4,0,0.009442206,Low Risk
4305,Female,0,Yes,No,29,Yes,No,No,No internet service,No internet service,No internet service,No internet service,No internet service,No internet service,Two year,Yes,Mailed check,19.55,521.8,25-48,Low,1,0,0,0,0,0,0,0,1,0,0.009421298,Low Risk
6433,Female,0,Yes,Yes,58,Yes,No,No,No internet service,No internet service,No internet service,No internet service,No internet service,No internet service,Two year,No,Credit card (automatic),20.5,1191.4,49-72,Low,1,0,0,0,0,0,0,0,1,0,0.009342182,Low Risk
5402,Female,0,Yes,Yes,9,Yes,No,No,No internet service,No internet service,No internet service,No internet service,No internet service,No internet service,Two year,No,Mailed check,20.35,191.1,0-12,Low,1,0,0,0,0,0,0,0,1,0,0.009286425,Low Risk
5730,Male,0,No,No,67,Yes,No,No,No internet service,No internet service,No internet service,No internet service,No internet service,No internet service,Two year,Yes,Mailed check,19.8,1311.3,49-72,Low,1,0,0,0,0,0,0,0,1,0,0.009215407,Low Risk
1956,Female,0,No,No,72,Yes,Yes,Fiber optic,Yes,Yes,Yes,No,Yes,No,Two year,Yes,Bank transfer (automatic),101.3,7261.25,49-72,Very High,1,1,1,1,1,0,1,0,6,0,0.009202863,Low Risk
4408,Female,0,Yes,Yes,72,Yes,Yes,DSL,Yes,No,Yes,No,Yes,No,Two year,Yes,Bank transfer (automatic),71.45,5025.85,49-72,High,1,1,1,0,1,0,1,0,5,0,0.0089203715,Low Risk
1975,Male,0,No,No,21,Yes,No,No,No internet service,No internet service,No internet service,No internet service,No internet service,No internet service,Two year,No,Mailed check,19.6,390.4,13-24,Low,1,0,0,0,0,0,0,0,1,0,0.008834515,Low Risk
4669,Male,0,No,No,51,Yes,No,No,No internet service,No internet service,No internet service,No internet service,No internet service,No internet service,Two year,No,Mailed check,20.45,1042.65,49-72,Low,1,0,0,0,0,0,0,0,1,0,0.008796266,Low Risk
3644,Male,0,No,Yes,39,Yes,Yes,No,No internet service,No internet service,No internet service,No internet service,No internet service,No internet service,Two year,No,Mailed check,25.0,1004.35,25-48,Low,1,1,0,0,0,0,0,0,2,0,0.00867182,Low Risk
3708,Male,0,No,No,11,Yes,No,No,No internet service,No internet service,No internet service,No internet service,No internet service,No internet service,Two year,No,Mailed check,20.4,231.45,0-12,Low,1,0,0,0,0,0,0,0,1,0,0.008530035,Low Risk
4256,Female,0,Yes,No,70,Yes,Yes,No,No internet service,No internet service,No internet service,No internet service,No internet service,No internet service,Two year,Yes,Bank transfer (automatic),26.0,2006.95,49-72,Low,1,1,0,0,0,0,0,0,2,0,0.008487386,Low Risk
1321,Male,0,Yes,Yes,60,Yes,No,DSL,Yes,Yes,Yes,Yes,No,No,One year,Yes,Bank transfer (automatic),65.85,3928.3,49-72,High,1,0,1,1,1,1,0,0,5,0,0.00842423,Low Risk
753,Male,0,No,Yes,0,Yes,No,No,No internet service,No internet service,No internet service,No internet service,No internet service,No internet service,Two year,No,Mailed check,20.25,,0-12,Low,1,0,0,0,0,0,0,0,1,0,0.008381801,Low Risk
2460,Female,0,Yes,Yes,48,Yes,No,No,No internet service,No internet service,No internet service,No internet service,No internet service,No internet service,Two year,No,Mailed check,19.55,883.35,25-48,Low,1,0,0,0,0,0,0,0,1,0,0.008348516,Low Risk
4234,Female,0,No,No,16,Yes,No,No,No internet service,No internet service,No internet service,No internet service,No internet service,No internet service,One year,No,Mailed check,19.05,326.65,13-24,Low,1,0,0,0,0,0,0,0,1,0,0.008345631,Low Risk
5671,Female,0,Yes,No,61,Yes,Yes,No,No internet service,No internet service,No internet service,No internet service,No internet service,No internet service,Two year,No,Bank transfer (automatic),25.3,1554.9,49-72,Low,1,1,0,0,0,0,0,0,2,0,0.008329183,Low Risk
6875,Female,0,Yes,No,64,Yes,No,No,No internet service,No internet service,No internet service,No internet service,No internet service,No internet service,Two year,No,Credit card (automatic),19.45,1208.6,49-72,Low,1,0,0,0,0,0,0,0,1,0,0.0082791345,Low Risk
3897,Female,0,Yes,Yes,72,Yes,Yes,Fiber optic,Yes,Yes,Yes,Yes,Yes,Yes,Two year,Yes,Electronic check,115.5,8425.15,49-72,Very High,1,1,1,1,1,1,1,1,8,0,0.008221019,Low Risk
3283,Female,0,Yes,Yes,69,Yes,No,No,No internet service,No internet service,No internet service,No internet service,No internet service,No internet service,One year,Yes,Credit card (automatic),20.35,1442.65,49-72,Low,1,0,0,0,0,0,0,0,1,0,0.008160219,Low Risk
1688,Female,0,No,No,40,Yes,No,No,No internet service,No internet service,No internet service,No internet service,No internet service,No internet service,Two year,No,Mailed check,20.15,804.85,25-48,Low,1,0,0,0,0,0,0,0,1,0,0.0081601925,Low Risk
6073,Female,0,Yes,Yes,64,Yes,Yes,No,No internet service,No internet service,No internet service,No internet service,No internet service,No internet service,One year,No,Mailed check,24.9,1595.5,49-72,Low,1,1,0,0,0,0,0,0,2,0,0.008142301,Low Risk
3553,Male,0,No,No,62,Yes,Yes,No,No internet service,No internet service,No internet service,No internet service,No internet service,No internet service,Two year,No,Bank transfer (automatic),23.4,1429.65,49-72,Low,1,1,0,0,0,0,0,0,2,0,0.008119615,Low Risk
2138,Female,0,Yes,Yes,54,Yes,No,DSL,Yes,No,Yes,Yes,No,Yes,Two year,No,Bank transfer (automatic),69.95,3871.85,49-72,High,1,0,1,0,1,1,0,1,5,0,0.008112951,Low Risk
2874,Female,0,Yes,No,64,Yes,No,No,No internet service,No internet service,No internet service,No internet service,No internet service,No internet service,Two year,No,Credit card (automatic),19.45,1225.65,49-72,Low,1,0,0,0,0,0,0,0,1,0,0.00802934,Low Risk
6794,Male,0,No,No,43,Yes,No,No,No internet service,No internet service,No internet service,No internet service,No internet service,No internet service,Two year,No,Mailed check,19.55,876.15,25-48,Low,1,0,0,0,0,0,0,0,1,0,0.007982819,Low Risk
5745,Female,0,Yes,Yes,61,Yes,Yes,No,No internet service,No internet service,No internet service,No internet service,No internet service,No internet service,Two year,Yes,Mailed check,24.2,1445.2,49-72,Low,1,1,0,0,0,0,0,0,2,0,0.007841066,Low Risk
4345,Male,0,Yes,Yes,69,Yes,No,No,No internet service,No internet service,No internet service,No internet service,No internet service,No internet service,One year,Yes,Credit card (automatic),20.55,1403.1,49-72,Low,1,0,0,0,0,0,0,0,1,0,0.007811124,Low Risk
3234,Female,0,Yes,Yes,24,Yes,No,No,No internet service,No internet service,No internet service,No internet service,No internet service,No internet service,Two year,No,Mailed check,19.7,452.55,13-24,Low,1,0,0,0,0,0,0,0,1,0,0.007710799,Low Risk
1875,Male,0,Yes,No,72,Yes,Yes,Fiber optic,Yes,Yes,Yes,Yes,Yes,Yes,Two year,Yes,Credit card (automatic),114.1,8086.4,49-72,Very High,1,1,1,1,1,1,1,1,8,0,0.0076828185,Low Risk
454,Female,0,Yes,No,61,Yes,Yes,No,No internet service,No internet service,No internet service,No internet service,No internet service,No internet service,Two year,No,Mailed check,24.4,1417.9,49-72,Low,1,1,0,0,0,0,0,0,2,0,0.0076002493,Low Risk
6951,Male,0,No,No,49,Yes,No,No,No internet service,No internet service,No internet service,No internet service,No internet service,No internet service,Two year,Yes,Credit card (automatic),19.9,1022.6,49-72,Low,1,0,0,0,0,0,0,0,1,0,0.007567129,Low Risk
6678,Male,0,No,Yes,19,Yes,No,No,No internet service,No internet service,No internet service,No internet service,No internet service,No internet service,Two year,No,Credit card (automatic),20.85,467.5,13-24,Low,1,0,0,0,0,0,0,0,1,0,0.007560518,Low Risk
3242,Male,0,No,Yes,5,Yes,No,No,No internet service,No internet service,No internet service,No internet service,No internet service,No internet service,Two year,No,Mailed check,20.45,106.9,0-12,Low,1,0,0,0,0,0,0,0,1,0,0.007531724,Low Risk
4114,Female,0,Yes,Yes,51,Yes,No,No,No internet service,No internet service,No internet service,No internet service,No internet service,No internet service,Two year,No,Mailed check,19.95,1028.75,49-72,Low,1,0,0,0,0,0,0,0,1,0,0.007524766,Low Risk
73,Male,0,Yes,Yes,62,Yes,Yes,No,No internet service,No internet service,No internet service,No internet service,No internet service,No internet service,Two year,Yes,Bank transfer (automatic),24.25,1424.6,49-72,Low,1,1,0,0,0,0,0,0,2,0,0.00742314,Low Risk
743,Female,0,Yes,Yes,61,Yes,Yes,No,No internet service,No internet service,No internet service,No internet service,No internet service,No internet service,Two year,Yes,Mailed check,24.1,1551.6,49-72,Low,1,1,0,0,0,0,0,0,2,0,0.007329187,Low Risk
1329,Female,0,Yes,No,72,Yes,No,No,No internet service,No internet service,No internet service,No internet service,No internet service,No internet service,Two year,No,Bank transfer (automatic),19.4,1496.45,49-72,Low,1,0,0,0,0,0,0,0,1,0,0.0071680606,Low Risk
1288,Male,0,No,No,64,Yes,No,No,No internet service,No internet service,No internet service,No internet service,No internet service,No internet service,Two year,No,Mailed check,19.55,1240.15,49-72,Low,1,0,0,0,0,0,0,0,1,0,0.0071000713,Low Risk
4530,Female,0,Yes,No,67,Yes,No,No,No internet service,No internet service,No internet service,No internet service,No internet service,No internet service,Two year,No,Mailed check,19.65,1335.2,49-72,Low,1,0,0,0,0,0,0,0,1,0,0.007074361,Low Risk
3966,Male,0,Yes,Yes,72,Yes,Yes,Fiber optic,Yes,Yes,No,Yes,Yes,Yes,Two year,Yes,Credit card (automatic),107.7,7919.8,49-72,Very High,1,1,1,1,0,1,1,1,7,0,0.006974312,Low Risk
2180,Male,1,Yes,No,71,Yes,No,Fiber optic,No,Yes,Yes,Yes,No,Yes,Two year,Yes,Credit card (automatic),95.5,6707.15,49-72,Very High,1,0,0,1,1,1,0,1,5,0,0.006876642,Low Risk
949,Male,0,Yes,Yes,35,Yes,No,No,No internet service,No internet service,No internet service,No internet service,No internet service,No internet service,Two year,No,Bank transfer (automatic),20.5,759.35,25-48,Low,1,0,0,0,0,0,0,0,1,0,0.006863687,Low Risk
5149,Female,0,No,No,62,Yes,No,No,No internet service,No internet service,No internet service,No internet service,No internet service,No internet service,Two year,Yes,Credit card (automatic),19.2,1123.65,49-72,Low,1,0,0,0,0,0,0,0,1,0,0.006790836,Low Risk
6115,Female,0,Yes,Yes,72,Yes,No,Fiber optic,Yes,Yes,Yes,Yes,Yes,Yes,Two year,Yes,Credit card (automatic),109.5,7854.9,49-72,Very High,1,0,1,1,1,1,1,1,7,0,0.0067335404,Low Risk
1855,Male,0,Yes,Yes,46,Yes,No,No,No internet service,No internet service,No internet service,No internet service,No internet service,No internet service,Two year,Yes,Mailed check,20.1,936.85,25-48,Low,1,0,0,0,0,0,0,0,1,0,0.006628394,Low Risk
1016,Male,0,Yes,No,71,Yes,Yes,DSL,Yes,Yes,Yes,Yes,No,Yes,Two year,Yes,Mailed check,80.1,5585.4,49-72,High,1,1,1,1,1,1,0,1,7,0,0.006595324,Low Risk
2805,Female,0,Yes,No,60,Yes,No,DSL,Yes,Yes,No,Yes,No,No,Two year,No,Bank transfer (automatic),59.85,3483.45,49-72,Medium,1,0,1,1,0,1,0,0,4,0,0.0065908176,Low Risk
5655,Male,0,No,No,65,Yes,Yes,No,No internet service,No internet service,No internet service,No internet service,No internet service,No internet service,Two year,Yes,Bank transfer (automatic),25.1,1725.0,49-72,Low,1,1,0,0,0,0,0,0,2,0,0.0065774624,Low Risk
487,Male,0,No,No,72,Yes,Yes,DSL,No,Yes,Yes,Yes,Yes,Yes,Two year,Yes,Bank transfer (automatic),88.6,6201.95,49-72,High,1,1,0,1,1,1,1,1,7,0,0.00656,Low Risk
2221,Female,0,Yes,Yes,71,Yes,No,DSL,Yes,Yes,Yes,Yes,No,No,Two year,No,Credit card (automatic),64.05,4492.9,49-72,High,1,0,1,1,1,1,0,0,5,0,0.0065293377,Low Risk
3707,Male,0,Yes,Yes,69,Yes,No,No,No internet service,No internet service,No internet service,No internet service,No internet service,No internet service,Two year,No,Bank transfer (automatic),19.9,1356.7,49-72,Low,1,0,0,0,0,0,0,0,1,0,0.0064458544,Low Risk
2649,Female,0,Yes,No,64,Yes,Yes,No,No internet service,No internet service,No internet service,No internet service,No internet service,No internet service,Two year,No,Credit card (automatic),25.0,1584.8,49-72,Low,1,1,0,0,0,0,0,0,2,0,0.0063762045,Low Risk
2466,Male,0,Yes,Yes,60,Yes,No,No,No internet service,No internet service,No internet service,No internet service,No internet service,No internet service,Two year,No,Mailed check,20.55,1205.05,49-72,Low,1,0,0,0,0,0,0,0,1,0,0.006219512,Low Risk
1846,Male,0,No,No,19,Yes,No,No,No internet service,No internet service,No internet service,No internet service,No internet service,No internet service,One year,No,Mailed check,18.8,279.2,13-24,Low,1,0,0,0,0,0,0,0,1,0,0.0062008165,Low Risk
6906,Female,0,Yes,Yes,25,Yes,No,No,No internet service,No internet service,No internet service,No internet service,No internet service,No internet service,Two year,Yes,Mailed check,18.7,383.65,25-48,Low,1,0,0,0,0,0,0,0,1,0,0.0061875135,Low Risk
3440,Female,0,Yes,Yes,71,Yes,Yes,DSL,Yes,Yes,Yes,Yes,Yes,Yes,Two year,Yes,Credit card (automatic),90.55,6239.05,49-72,Very High,1,1,1,1,1,1,1,1,8,0,0.0061841477,Low Risk
2293,Male,0,Yes,No,72,Yes,Yes,DSL,No,Yes,Yes,Yes,Yes,Yes,Two year,No,Bank transfer (automatic),85.95,6151.9,49-72,High,1,1,0,1,1,1,1,1,7,0,0.0061839633,Low Risk
699,Male,0,Yes,Yes,72,Yes,Yes,DSL,Yes,No,Yes,Yes,No,No,Two year,Yes,Credit card (automatic),66.5,4811.6,49-72,High,1,1,1,0,1,1,0,0,5,0,0.0061253933,Low Risk
4147,Male,1,Yes,No,71,Yes,Yes,No,No internet service,No internet service,No internet service,No internet service,No internet service,No internet service,Two year,No,Bank transfer (automatic),24.85,1901.0,49-72,Low,1,1,0,0,0,0,0,0,2,0,0.0060838163,Low Risk
265,Female,0,Yes,Yes,61,Yes,Yes,DSL,Yes,Yes,Yes,Yes,Yes,Yes,Two year,No,Mailed check,88.1,5526.75,49-72,High,1,1,1,1,1,1,1,1,8,0,0.0060765203,Low Risk
2593,Female,0,Yes,Yes,62,Yes,No,No,No internet service,No internet service,No internet service,No internet service,No internet service,No internet service,Two year,No,Bank transfer (automatic),20.3,1296.15,49-72,Low,1,0,0,0,0,0,0,0,1,0,0.0060742307,Low Risk
3377,Male,0,Yes,No,68,Yes,Yes,No,No internet service,No internet service,No internet service,No internet service,No internet service,No internet service,Two year,No,Credit card (automatic),25.05,1629.2,49-72,Low,1,1,0,0,0,0,0,0,2,0,0.0059634624,Low Risk
6942,Male,1,No,No,68,Yes,No,No,No internet service,No internet service,No internet service,No internet service,No internet service,No internet service,Two year,Yes,Credit card (automatic),20.0,1396.0,49-72,Low,1,0,0,0,0,0,0,0,1,0,0.0058802324,Low Risk
6270,Female,0,Yes,Yes,29,Yes,No,No,No internet service,No internet service,No internet service,No internet service,No internet service,No internet service,Two year,No,Mailed check,20.2,558.8,25-48,Low,1,0,0,0,0,0,0,0,1,0,0.005692138,Low Risk
4852,Male,1,No,No,69,Yes,No,No,No internet service,No internet service,No internet service,No internet service,No internet service,No internet service,Two year,No,Credit card (automatic),20.3,1356.3,49-72,Low,1,0,0,0,0,0,0,0,1,0,0.0056485706,Low Risk
5344,Male,0,No,Yes,71,Yes,No,DSL,Yes,Yes,Yes,Yes,Yes,No,Two year,Yes,Credit card (automatic),76.9,5522.7,49-72,High,1,0,1,1,1,1,1,0,6,0,0.005644881,Low Risk
5613,Female,0,Yes,Yes,72,Yes,Yes,DSL,Yes,Yes,Yes,Yes,No,No,Two year,Yes,Bank transfer (automatic),70.45,5165.7,49-72,High,1,1,1,1,1,1,0,0,6,0,0.005600917,Low Risk
652,Male,0,Yes,Yes,35,Yes,No,No,No internet service,No internet service,No internet service,No internet service,No internet service,No internet service,Two year,No,Mailed check,20.1,655.3,25-48,Low,1,0,0,0,0,0,0,0,1,0,0.0055085137,Low Risk
2899,Male,0,No,No,71,No,No phone service,DSL,Yes,Yes,Yes,Yes,Yes,No,Two year,No,Bank transfer (automatic),53.95,3888.65,49-72,Medium,0,0,1,1,1,1,1,0,5,0,0.005356298,Low Risk
4439,Male,0,Yes,Yes,28,Yes,No,No,No internet service,No internet service,No internet service,No internet service,No internet service,No internet service,Two year,Yes,Credit card (automatic),20.3,487.95,25-48,Low,1,0,0,0,0,0,0,0,1,0,0.005352791,Low Risk
6300,Female,0,Yes,Yes,67,Yes,Yes,No,No internet service,No internet service,No internet service,No internet service,No internet service,No internet service,Two year,Yes,Mailed check,24.9,1680.25,49-72,Low,1,1,0,0,0,0,0,0,2,0,0.0052667544,Low Risk
4231,Male,0,No,No,71,Yes,Yes,DSL,Yes,Yes,Yes,Yes,No,Yes,Two year,No,Bank transfer (automatic),80.6,5708.2,49-72,High,1,1,1,1,1,1,0,1,7,0,0.005236874,Low Risk
4004,Male,0,Yes,No,72,Yes,Yes,DSL,Yes,Yes,Yes,Yes,No,No,Two year,Yes,Bank transfer (automatic),67.8,4804.65,49-72,High,1,1,1,1,1,1,0,0,6,0,0.005144661,Low Risk
2279,Male,1,No,No,72,Yes,Yes,No,No internet service,No internet service,No internet service,No internet service,No internet service,No internet service,Two year,Yes,Credit card (automatic),25.1,1789.9,49-72,Low,1,1,0,0,0,0,0,0,2,0,0.0050993394,Low Risk
5453,Male,0,Yes,No,60,Yes,No,DSL,Yes,Yes,No,Yes,No,No,Two year,Yes,Mailed check,61.35,3766.2,49-72,High,1,0,1,1,0,1,0,0,4,0,0.005055497,Low Risk
5924,Male,0,Yes,Yes,62,Yes,No,No,No internet service,No internet service,No internet service,No internet service,No internet service,No internet service,Two year,No,Credit card (automatic),20.65,1218.45,49-72,Low,1,0,0,0,0,0,0,0,1,0,0.0048696767,Low Risk
3781,Male,0,No,No,29,Yes,No,No,No internet service,No internet service,No internet service,No internet service,No internet service,No internet service,One year,No,Mailed check,19.1,529.5,25-48,Low,1,0,0,0,0,0,0,0,1,0,0.004739445,Low Risk
968,Female,0,No,No,71,Yes,No,DSL,Yes,Yes,Yes,Yes,Yes,No,Two year,No,Credit card (automatic),77.35,5550.1,49-72,High,1,0,1,1,1,1,1,0,6,0,0.0047310134,Low Risk
2915,Female,0,Yes,Yes,72,No,No phone service,DSL,Yes,Yes,Yes,Yes,Yes,Yes,Two year,Yes,Bank transfer (automatic),63.8,4684.3,49-72,High,0,0,1,1,1,1,1,1,6,0,0.0047242376,Low Risk
3719,Male,0,No,No,28,Yes,No,No,No internet service,No internet service,No internet service,No internet service,No internet service,No internet service,One year,No,Credit card (automatic),18.25,534.7,25-48,Low,1,0,0,0,0,0,0,0,1,0,0.00467602,Low Risk
165,Male,0,Yes,No,69,Yes,No,No,No internet service,No internet service,No internet service,No internet service,No internet service,No internet service,Two year,No,Mailed check,19.9,1363.45,49-72,Low,1,0,0,0,0,0,0,0,1,0,0.0046684407,Low Risk
2981,Male,0,No,No,67,Yes,No,No,No internet service,No internet service,No internet service,No internet service,No internet service,No internet service,Two year,No,Bank transfer (automatic),20.5,1430.95,49-72,Low,1,0,0,0,0,0,0,0,1,0,0.0046447353,Low Risk
6735,Female,0,Yes,Yes,71,Yes,No,DSL,Yes,Yes,Yes,Yes,Yes,Yes,Two year,No,Credit card (automatic),87.25,6328.7,49-72,High,1,0,1,1,1,1,1,1,7,0,0.004642117,Low Risk
2506,Female,1,Yes,No,72,Yes,Yes,No,No internet service,No internet service,No internet service,No internet service,No internet service,No internet service,Two year,No,Bank transfer (automatic),24.3,1778.7,49-72,Low,1,1,0,0,0,0,0,0,2,0,0.0046356176,Low Risk
6655,Female,0,No,No,63,Yes,Yes,No,No internet service,No internet service,No internet service,No internet service,No internet service,No internet service,Two year,No,Mailed check,24.2,1618.2,49-72,Low,1,1,0,0,0,0,0,0,2,0,0.004543493,Low Risk
4513,Female,1,Yes,Yes,72,Yes,Yes,DSL,Yes,Yes,Yes,Yes,Yes,Yes,Two year,No,Credit card (automatic),92.45,6440.25,49-72,Very High,1,1,1,1,1,1,1,1,8,1,0.0045183487,Low Risk
1377,Male,0,Yes,Yes,72,Yes,Yes,DSL,Yes,Yes,Yes,Yes,Yes,No,Two year,No,Bank transfer (automatic),82.3,5815.15,49-72,High,1,1,1,1,1,1,1,0,7,0,0.0044730385,Low Risk
2983,Male,0,Yes,Yes,71,Yes,Yes,DSL,Yes,Yes,Yes,Yes,Yes,Yes,Two year,No,Credit card (automatic),89.9,6457.15,49-72,High,1,1,1,1,1,1,1,1,8,0,0.0043397257,Low Risk
4162,Female,0,Yes,Yes,72,No,No phone service,DSL,Yes,Yes,Yes,Yes,Yes,Yes,Two year,No,Bank transfer (automatic),65.7,4575.35,49-72,High,0,0,1,1,1,1,1,1,6,0,0.0043386933,Low Risk
4201,Female,0,Yes,Yes,72,Yes,No,No,No internet service,No internet service,No internet service,No internet service,No internet service,No internet service,Two year,No,Bank transfer (automatic),19.55,1463.45,49-72,Low,1,0,0,0,0,0,0,0,1,0,0.0043197796,Low Risk
1035,Male,0,No,No,66,Yes,Yes,No,No internet service,No internet service,No internet service,No internet service,No internet service,No internet service,Two year,No,Mailed check,25.1,1697.7,49-72,Low,1,1,0,0,0,0,0,0,2,0,0.004151025,Low Risk
531,Male,0,Yes,Yes,70,Yes,No,No,No internet service,No internet service,No internet service,No internet service,No internet service,No internet service,Two year,No,Credit card (automatic),20.05,1360.25,49-72,Low,1,0,0,0,0,0,0,0,1,0,0.0041090045,Low Risk
6309,Female,0,Yes,No,71,Yes,Yes,No,No internet service,No internet service,No internet service,No internet service,No internet service,No internet service,Two year,No,Credit card (automatic),25.6,1888.25,49-72,Low,1,1,0,0,0,0,0,0,2,0,0.003922872,Low Risk
3375,Female,0,Yes,Yes,71,Yes,No,No,No internet service,No internet service,No internet service,No internet service,No internet service,No internet service,Two year,No,Bank transfer (automatic),19.9,1389.35,49-72,Low,1,0,0,0,0,0,0,0,1,0,0.003911911,Low Risk
4914,Female,0,Yes,Yes,72,Yes,Yes,DSL,Yes,Yes,No,Yes,Yes,No,Two year,No,Mailed check,74.55,5430.65,49-72,High,1,1,1,1,0,1,1,0,6,0,0.003864197,Low Risk
6097,Male,0,Yes,Yes,72,Yes,Yes,DSL,Yes,Yes,Yes,Yes,No,Yes,Two year,No,Credit card (automatic),81.0,5750.0,49-72,High,1,1,1,1,1,1,0,1,7,0,0.0038023281,Low Risk
2509,Female,0,Yes,No,72,Yes,Yes,No,No internet service,No internet service,No internet service,No internet service,No internet service,No internet service,Two year,Yes,Bank transfer (automatic),25.25,1841.2,49-72,Low,1,1,0,0,0,0,0,0,2,0,0.003796421,Low Risk
4224,Female,0,Yes,No,71,Yes,No,No,No internet service,No internet service,No internet service,No internet service,No internet service,No internet service,Two year,No,Mailed check,19.6,1416.5,49-72,Low,1,0,0,0,0,0,0,0,1,0,0.0035731313,Low Risk
3649,Male,0,Yes,Yes,71,Yes,Yes,No,No internet service,No internet service,No internet service,No internet service,No internet service,No internet service,Two year,No,Credit card (automatic),25.35,1847.55,49-72,Low,1,1,0,0,0,0,0,0,2,0,0.0035364355,Low Risk
6614,Male,0,Yes,Yes,71,Yes,No,No,No internet service,No internet service,No internet service,No internet service,No internet service,No internet service,Two year,No,Credit card (automatic),19.7,1301.1,49-72,Low,1,0,0,0,0,0,0,0,1,0,0.0035342756,Low Risk
3814,Male,0,Yes,No,72,Yes,Yes,DSL,Yes,Yes,Yes,Yes,Yes,Yes,Two year,Yes,Credit card (automatic),88.7,6301.7,49-72,High,1,1,1,1,1,1,1,1,8,0,0.0035239442,Low Risk
4633,Female,0,Yes,Yes,72,Yes,Yes,No,No internet service,No internet service,No internet service,No internet service,No internet service,No internet service,Two year,Yes,Bank transfer (automatic),24.05,1709.15,49-72,Low,1,1,0,0,0,0,0,0,2,0,0.00337114,Low Risk
5804,Female,0,Yes,Yes,71,Yes,Yes,No,No internet service,No internet service,No internet service,No internet service,No internet service,No internet service,Two year,No,Credit card (automatic),23.9,1663.5,49-72,Low,1,1,0,0,0,0,0,0,2,0,0.0033682673,Low Risk
2338,Male,0,Yes,Yes,72,Yes,No,No,No internet service,No internet service,No internet service,No internet service,No internet service,No internet service,Two year,No,Bank transfer (automatic),19.95,1322.85,49-72,Low,1,0,0,0,0,0,0,0,1,0,0.0032386188,Low Risk
405,Male,0,No,No,72,Yes,No,No,No internet service,No internet service,No internet service,No internet service,No internet service,No internet service,Two year,Yes,Credit card (automatic),19.8,1468.75,49-72,Low,1,0,0,0,0,0,0,0,1,0,0.0031385603,Low Risk
3466,Male,0,Yes,Yes,72,Yes,Yes,No,No internet service,No internet service,No internet service,No internet service,No internet service,No internet service,Two year,Yes,Credit card (automatic),25.1,1790.8,49-72,Low,1,1,0,0,0,0,0,0,2,0,0.003122666,Low Risk
2254,Male,1,Yes,No,72,Yes,Yes,Fiber optic,Yes,Yes,Yes,Yes,No,No,Two year,Yes,Bank transfer (automatic),93.05,6735.05,49-72,Very High,1,1,1,1,1,1,0,0,6,0,0.003064397,Low Risk
1277,Female,0,Yes,Yes,72,Yes,No,No,No internet service,No internet service,No internet service,No internet service,No internet service,No internet service,Two year,Yes,Credit card (automatic),20.1,1326.25,49-72,Low,1,0,0,0,0,0,0,0,1,0,0.0030200104,Low Risk
849,Female,0,Yes,Yes,72,Yes,Yes,DSL,Yes,Yes,Yes,Yes,Yes,Yes,Two year,No,Credit card (automatic),89.8,6510.45,49-72,High,1,1,1,1,1,1,1,1,8,0,0.0028781742,Low Risk
984,Female,0,Yes,Yes,72,Yes,Yes,No,No internet service,No internet service,No internet service,No internet service,No internet service,No internet service,Two year,No,Bank transfer (automatic),23.75,1679.25,49-72,Low,1,1,0,0,0,0,0,0,2,0,0.0027826459,Low Risk
4761,Male,0,Yes,Yes,72,Yes,Yes,No,No internet service,No internet service,No internet service,No internet service,No internet service,No internet service,Two year,No,Bank transfer (automatic),25.0,1738.9,49-72,Low,1,1,0,0,0,0,0,0,2,0,0.002662153,Low Risk
6182,Male,0,Yes,Yes,72,Yes,Yes,DSL,Yes,Yes,Yes,Yes,Yes,Yes,Two year,No,Credit card (automatic),88.7,6501.35,49-72,High,1,1,1,1,1,1,1,1,8,0,0.0026403102,Low Risk
1824,Male,0,Yes,Yes,72,Yes,No,No,No internet service,No internet service,No internet service,No internet service,No internet service,No internet service,Two year,No,Bank transfer (automatic),20.3,1401.15,49-72,Low,1,0,0,0,0,0,0,0,1,0,0.002593587,Low Risk
5181,Male,0,Yes,Yes,72,Yes,Yes,DSL,Yes,Yes,Yes,Yes,Yes,Yes,Two year,Yes,Credit card (automatic),90.8,6397.6,49-72,Very High,1,1,1,1,1,1,1,1,8,0,0.0025800758,Low Risk
4505,Female,0,Yes,No,72,Yes,Yes,No,No internet service,No internet service,No internet service,No internet service,No internet service,No internet service,Two year,Yes,Mailed check,26.0,1776.0,49-72,Low,1,1,0,0,0,0,0,0,2,0,0.002530843,Low Risk
4267,Female,0,Yes,No,72,Yes,Yes,DSL,Yes,Yes,Yes,Yes,Yes,Yes,Two year,Yes,Bank transfer (automatic),91.15,6637.9,49-72,Very High,1,1,1,1,1,1,1,1,8,0,0.0025297536,Low Risk
5828,Female,0,Yes,Yes,72,Yes,Yes,No,No internet service,No internet service,No internet service,No internet service,No internet service,No internet service,Two year,No,Bank transfer (automatic),24.45,1709.1,49-72,Low,1,1,0,0,0,0,0,0,2,0,0.0025265047,Low Risk
6423,Female,0,Yes,Yes,72,Yes,Yes,No,No internet service,No internet service,No internet service,No internet service,No internet service,No internet service,Two year,No,Credit card (automatic),24.25,1784.5,49-72,Low,1,1,0,0,0,0,0,0,2,0,0.0024448505,Low Risk
4216,Male,0,No,No,72,Yes,Yes,DSL,Yes,Yes,Yes,Yes,Yes,Yes,Two year,No,Bank transfer (automatic),92.0,6632.75,49-72,Very High,1,1,1,1,1,1,1,1,8,0,0.0021902274,Low Risk
3982,Male,0,No,Yes,71,Yes,Yes,No,No internet service,No internet service,No internet service,No internet service,No internet service,No internet service,Two year,No,Mailed check,24.35,1654.6,49-72,Low,1,1,0,0,0,0,0,0,2,0,0.002188617,Low Risk
6659,Male,0,Yes,No,72,Yes,Yes,DSL,Yes,Yes,Yes,Yes,Yes,Yes,Two year,No,Credit card (automatic),92.3,6719.9,49-72,Very High,1,1,1,1,1,1,1,1,8,0,0.0020704377,Low Risk
1815,Female,0,Yes,No,72,Yes,No,No,No internet service,No internet service,No internet service,No internet service,No internet service,No internet service,Two year,No,Credit card (automatic),20.5,1502.25,49-72,Low,1,0,0,0,0,0,0,0,1,0,0.002042136,Low Risk
714,Male,0,Yes,No,72,Yes,Yes,No,No internet service,No internet service,No internet service,No internet service,No internet service,No internet service,Two year,No,Mailed check,25.4,1710.9,49-72,Low,1,1,0,0,0,0,0,0,2,0,0.0019359464,Low Risk
